,pop_size,pop_infected,n_days,location,variants,rand_seed,cum_infections,cum_deaths,cum_recoveries,avg_age,wild_beta,rel_beta,beta
0,10000,100,200,India,delta,532,7955.0,24.0,7931.0,31.148237,0.016,2.2,0.0352
1,10000,100,200,India,gamma,18,8010.0,23.0,7984.0,31.068644,0.016,2.05,0.032799999999999996
2,10000,100,200,United Kingdom,alpha,252,8531.0,104.0,8427.0,40.928905,0.016,1.67,0.02672
3,10000,100,200,United Kingdom,alpha,850,8526.0,109.0,8417.0,41.831776,0.016,1.67,0.02672
4,10000,100,200,India,gamma,977,7721.0,32.0,7689.0,31.137257,0.016,2.05,0.032799999999999996
5,10000,100,200,Brazil,gamma,153,9085.0,52.0,9033.0,34.887257,0.016,2.05,0.032799999999999996
6,10000,100,200,South Africa,beta,275,7869.0,23.0,7846.0,29.85239,0.016,1.0,0.016
7,10000,100,200,India,beta,588,7929.0,28.0,7901.0,30.915663,0.016,1.0,0.016
8,10000,100,200,South Africa,beta,762,7838.0,17.0,7821.0,29.4854,0.016,1.0,0.016
9,10000,100,200,India,delta,528,9051.0,54.0,8997.0,30.825422,0.016,2.2,0.0352
10,10000,100,200,India,delta,305,8010.0,35.0,7975.0,31.130095,0.016,2.2,0.0352
11,10000,100,200,United Kingdom,alpha,182,8688.0,86.0,8602.0,41.379642,0.016,1.67,0.02672
12,10000,100,200,South Africa,beta,574,7892.0,10.0,7882.0,30.007126,0.016,1.0,0.016
13,10000,100,200,India,delta,505,8108.0,39.0,8069.0,31.055872,0.016,2.2,0.0352
14,10000,100,200,South Africa,delta,310,8823.0,36.0,8787.0,29.588406,0.016,2.2,0.0352
15,10000,100,200,South Africa,beta,196,7885.0,28.0,7857.0,29.985079,0.016,1.0,0.016
16,10000,100,200,India,delta,221,7937.0,35.0,7902.0,31.4974,0.016,2.2,0.0352
17,10000,100,200,United Kingdom,alpha,121,8740.0,101.0,8639.0,41.583233,0.016,1.67,0.02672
18,10000,100,200,Brazil,gamma,476,8319.0,50.0,8269.0,35.46246,0.016,2.05,0.032799999999999996
19,10000,100,200,Brazil,gamma,946,8662.0,47.0,8615.0,35.285675,0.016,2.05,0.032799999999999996
20,10000,100,200,India,delta,434,9023.0,40.0,8983.0,30.882626,0.016,2.2,0.0352
21,10000,100,200,United Kingdom,alpha,715,8876.0,92.0,8784.0,41.513992,0.016,1.67,0.02672
22,10000,100,200,India,delta,30,8193.0,38.0,8155.0,31.472305,0.016,2.2,0.0352
23,10000,100,200,South Africa,beta,72,7851.0,18.0,7833.0,30.202978,0.016,1.0,0.016
24,10000,100,200,South Africa,beta,926,7949.0,25.0,7924.0,30.187721,0.016,1.0,0.016
25,10000,100,200,Brazil,beta,36,8345.0,36.0,8309.0,35.27376,0.016,1.0,0.016
26,10000,100,200,South Africa,beta,656,7870.0,18.0,7852.0,29.974468,0.016,1.0,0.016
27,10000,100,200,Brazil,gamma,800,8246.0,51.0,8195.0,35.036278,0.016,2.05,0.032799999999999996
28,10000,100,200,United Kingdom,alpha,324,8553.0,101.0,8452.0,41.31224,0.016,1.67,0.02672
29,10000,100,200,South Africa,beta,737,7745.0,18.0,7727.0,29.421291,0.016,1.0,0.016
30,10000,100,200,India,delta,16,7973.0,26.0,7947.0,31.210918,0.016,2.2,0.0352
31,10000,100,200,India,alpha,233,8139.0,20.0,8119.0,30.789257,0.016,1.67,0.02672
32,10000,100,200,Brazil,gamma,130,8644.0,48.0,8596.0,34.83192,0.016,2.05,0.032799999999999996
33,10000,100,200,Brazil,gamma,41,8232.0,50.0,8182.0,34.756454,0.016,2.05,0.032799999999999996
34,10000,100,200,South Africa,beta,663,7828.0,16.0,7812.0,29.934956,0.016,1.0,0.016
35,10000,100,200,Brazil,gamma,938,8378.0,40.0,8338.0,35.30912,0.016,2.05,0.032799999999999996
36,10000,100,200,India,beta,948,7946.0,28.0,7918.0,30.936605,0.016,1.0,0.016
37,10000,100,200,United Kingdom,alpha,319,8477.0,77.0,8400.0,41.2748,0.016,1.67,0.02672
38,10000,100,200,South Africa,beta,321,7663.0,14.0,7649.0,29.399618,0.016,1.0,0.016
39,10000,100,200,United Kingdom,beta,636,8547.0,98.0,8449.0,41.39232,0.016,1.0,0.016
40,10000,100,200,South Africa,beta,904,7929.0,32.0,7897.0,29.7578,0.016,1.0,0.016
41,10000,100,200,United Kingdom,beta,640,8565.0,91.0,8474.0,41.0579,0.016,1.0,0.016
42,10000,100,200,United Kingdom,gamma,548,8505.0,96.0,8409.0,41.259617,0.016,2.05,0.032799999999999996
43,10000,100,200,Brazil,delta,533,8283.0,46.0,8237.0,34.64633,0.016,2.2,0.0352
44,10000,100,200,India,delta,135,8989.0,26.0,8963.0,31.083712,0.016,2.2,0.0352
45,10000,100,200,Brazil,gamma,721,9151.0,66.0,9085.0,34.85236,0.016,2.05,0.032799999999999996
46,10000,100,200,Brazil,gamma,32,8424.0,49.0,8375.0,35.45761,0.016,2.05,0.032799999999999996
47,10000,100,200,United Kingdom,alpha,540,8637.0,85.0,8552.0,41.496174,0.016,1.67,0.02672
48,10000,100,200,India,delta,217,8294.0,30.0,8264.0,31.304916,0.016,2.2,0.0352
49,10000,100,200,Brazil,gamma,69,8489.0,50.0,8439.0,35.055874,0.016,2.05,0.032799999999999996
50,10000,100,200,Brazil,alpha,743,8211.0,30.0,8181.0,35.31094,0.016,1.67,0.02672
51,10000,100,200,United Kingdom,delta,779,8531.0,85.0,8446.0,41.024536,0.016,2.2,0.0352
52,10000,100,200,South Africa,beta,713,7897.0,20.0,7877.0,29.889372,0.016,1.0,0.016
53,10000,100,200,South Africa,beta,868,7912.0,20.0,7892.0,30.0424,0.016,1.0,0.016
54,10000,100,200,Brazil,gamma,824,8281.0,42.0,8239.0,35.430317,0.016,2.05,0.032799999999999996
55,10000,100,200,United Kingdom,alpha,679,8505.0,89.0,8416.0,41.15885,0.016,1.67,0.02672
56,10000,100,200,India,delta,504,7913.0,21.0,7892.0,31.239021,0.016,2.2,0.0352
57,10000,100,200,Brazil,gamma,984,8752.0,52.0,8700.0,35.106644,0.016,2.05,0.032799999999999996
58,10000,100,200,United Kingdom,beta,426,8511.0,101.0,8410.0,41.43422,0.016,1.0,0.016
59,10000,100,200,India,gamma,796,8016.0,25.0,7991.0,30.945478,0.016,2.05,0.032799999999999996
60,10000,100,200,Brazil,gamma,318,9258.0,70.0,9188.0,35.237003,0.016,2.05,0.032799999999999996
61,10000,100,200,India,delta,266,9328.0,53.0,9275.0,31.046144,0.016,2.2,0.0352
62,10000,100,200,India,gamma,48,7954.0,31.0,7923.0,31.238375,0.016,2.05,0.032799999999999996
63,10000,100,200,India,delta,787,7795.0,28.0,7767.0,31.039463,0.016,2.2,0.0352
64,10000,100,200,United Kingdom,alpha,647,8638.0,101.0,8537.0,41.24225,0.016,1.67,0.02672
65,10000,100,200,Brazil,gamma,566,8193.0,49.0,8144.0,35.036896,0.016,2.05,0.032799999999999996
66,10000,100,200,Brazil,gamma,725,9031.0,44.0,8987.0,34.829494,0.016,2.05,0.032799999999999996
67,10000,100,200,South Africa,beta,792,7952.0,16.0,7936.0,29.736906,0.016,1.0,0.016
68,10000,100,200,United Kingdom,alpha,368,8927.0,103.0,8824.0,41.639503,0.016,1.67,0.02672
69,10000,100,200,South Africa,alpha,629,8660.0,25.0,8635.0,29.98555,0.016,1.67,0.02672
70,10000,100,200,South Africa,beta,755,7781.0,19.0,7762.0,29.889029,0.016,1.0,0.016
71,10000,100,200,India,delta,616,9385.0,56.0,9329.0,31.2199,0.016,2.2,0.0352
72,10000,100,200,India,delta,139,7840.0,20.0,7820.0,31.361273,0.016,2.2,0.0352
73,10000,100,200,South Africa,beta,11,8021.0,18.0,8003.0,29.753756,0.016,1.0,0.016
74,10000,100,200,South Africa,alpha,386,7785.0,13.0,7772.0,29.808863,0.016,1.67,0.02672
75,10000,100,200,India,delta,536,7776.0,28.0,7748.0,31.080088,0.016,2.2,0.0352
76,10000,100,200,Brazil,gamma,540,8118.0,41.0,8077.0,35.338963,0.016,2.05,0.032799999999999996
77,10000,100,200,South Africa,alpha,964,7771.0,23.0,7748.0,29.57233,0.016,1.67,0.02672
78,10000,100,200,United Kingdom,alpha,371,8635.0,110.0,8525.0,41.653168,0.016,1.67,0.02672
79,10000,100,200,India,delta,793,7940.0,25.0,7915.0,31.193203,0.016,2.2,0.0352
80,10000,100,200,India,delta,991,9419.0,54.0,9365.0,31.199577,0.016,2.2,0.0352
81,10000,100,200,India,delta,981,8122.0,28.0,8094.0,30.622822,0.016,2.2,0.0352
82,10000,100,200,United Kingdom,alpha,822,8518.0,78.0,8440.0,40.835598,0.016,1.67,0.02672
83,10000,100,200,Brazil,gamma,538,9136.0,74.0,9062.0,35.290627,0.016,2.05,0.032799999999999996
84,10000,100,200,United Kingdom,alpha,837,8896.0,102.0,8794.0,41.222702,0.016,1.67,0.02672
85,10000,100,200,Brazil,gamma,906,8874.0,56.0,8818.0,34.9233,0.016,2.05,0.032799999999999996
86,10000,100,200,Brazil,alpha,124,8324.0,45.0,8279.0,34.5445,0.016,1.67,0.02672
87,10000,100,200,Brazil,gamma,407,8273.0,38.0,8235.0,34.86488,0.016,2.05,0.032799999999999996
88,10000,100,200,Brazil,gamma,118,9259.0,65.0,9194.0,35.267906,0.016,2.05,0.032799999999999996
89,10000,100,200,United Kingdom,alpha,119,8658.0,88.0,8570.0,41.459415,0.016,1.67,0.02672
90,10000,100,200,Brazil,gamma,340,9127.0,53.0,9074.0,35.263905,0.016,2.05,0.032799999999999996
91,10000,100,200,Brazil,gamma,444,8240.0,39.0,8201.0,35.166645,0.016,2.05,0.032799999999999996
92,10000,100,200,Brazil,gamma,743,8201.0,42.0,8159.0,35.31094,0.016,2.05,0.032799999999999996
93,10000,100,200,Brazil,gamma,48,8280.0,60.0,8220.0,35.254482,0.016,2.05,0.032799999999999996
94,10000,100,200,South Africa,beta,685,7826.0,20.0,7806.0,29.924025,0.016,1.0,0.016
95,10000,100,200,United Kingdom,alpha,653,8889.0,109.0,8780.0,40.95923,0.016,1.67,0.02672
96,10000,100,200,United Kingdom,alpha,17,8626.0,81.0,8545.0,41.01671,0.016,1.67,0.02672
97,10000,100,200,India,delta,540,7834.0,36.0,7798.0,31.329054,0.016,2.2,0.0352
98,10000,100,200,South Africa,beta,770,7886.0,22.0,7864.0,29.842077,0.016,1.0,0.016
99,10000,100,200,United Kingdom,alpha,361,8758.0,88.0,8670.0,41.379498,0.016,1.67,0.02672
100,10000,100,200,South Africa,beta,759,7834.0,19.0,7815.0,29.390234,0.016,1.0,0.016
101,10000,100,200,South Africa,delta,305,7831.0,20.0,7811.0,29.678116,0.016,2.2,0.0352
102,10000,100,200,United Kingdom,alpha,250,8881.0,90.0,8791.0,41.497807,0.016,1.67,0.02672
103,10000,100,200,South Africa,beta,891,7755.0,19.0,7736.0,29.848913,0.016,1.0,0.016
104,10000,100,200,Brazil,gamma,107,8240.0,29.0,8211.0,34.891693,0.016,2.05,0.032799999999999996
105,10000,100,200,India,delta,561,9286.0,62.0,9224.0,30.816378,0.016,2.2,0.0352
106,10000,100,200,United Kingdom,alpha,598,8568.0,81.0,8487.0,41.657364,0.016,1.67,0.02672
107,10000,100,200,Brazil,gamma,391,8927.0,49.0,8878.0,35.057957,0.016,2.05,0.032799999999999996
108,10000,100,200,India,delta,737,8254.0,30.0,8224.0,30.799356,0.016,2.2,0.0352
109,10000,100,200,United Kingdom,alpha,872,8922.0,98.0,8824.0,41.218994,0.016,1.67,0.02672
110,10000,100,200,Brazil,gamma,971,9084.0,69.0,9015.0,35.43453,0.016,2.05,0.032799999999999996
111,10000,100,200,South Africa,beta,371,7861.0,28.0,7833.0,29.931969,0.016,1.0,0.016
112,10000,100,200,India,delta,228,9318.0,58.0,9260.0,30.813879,0.016,2.2,0.0352
113,10000,100,200,South Africa,beta,626,7766.0,23.0,7743.0,30.142582,0.016,1.0,0.016
114,10000,100,200,India,delta,16,7973.0,26.0,7947.0,31.210918,0.016,2.2,0.0352
115,10000,100,200,Brazil,delta,967,8673.0,43.0,8630.0,35.309864,0.016,2.2,0.0352
116,10000,100,200,India,delta,411,7809.0,19.0,7790.0,31.236929,0.016,2.2,0.0352
117,10000,100,200,South Africa,beta,353,7850.0,20.0,7830.0,29.595991,0.016,1.0,0.016
118,10000,100,200,United Kingdom,alpha,936,8719.0,99.0,8620.0,41.191803,0.016,1.67,0.02672
119,10000,100,200,Brazil,gamma,771,9464.0,85.0,9379.0,34.98657,0.016,2.05,0.032799999999999996
120,10000,100,200,United Kingdom,alpha,628,8537.0,93.0,8444.0,41.42026,0.016,1.67,0.02672
121,10000,100,200,Brazil,gamma,279,9153.0,84.0,9069.0,35.356888,0.016,2.05,0.032799999999999996
122,10000,100,200,United Kingdom,alpha,530,8498.0,97.0,8401.0,41.427338,0.016,1.67,0.02672
123,10000,100,200,India,delta,606,8033.0,29.0,8004.0,30.943779,0.016,2.2,0.0352
124,10000,100,200,United Kingdom,alpha,456,8633.0,87.0,8546.0,41.560246,0.016,1.67,0.02672
125,10000,100,200,India,gamma,24,8420.0,36.0,8384.0,31.140596,0.016,2.05,0.032799999999999996
126,10000,100,200,Brazil,gamma,72,8472.0,48.0,8424.0,35.634876,0.016,2.05,0.032799999999999996
127,10000,100,200,South Africa,beta,49,7872.0,25.0,7847.0,29.654837,0.016,1.0,0.016
128,10000,100,200,United Kingdom,beta,987,8512.0,91.0,8421.0,41.350636,0.016,1.0,0.016
129,10000,100,200,United Kingdom,gamma,96,9202.0,143.0,9059.0,40.90955,0.016,2.05,0.032799999999999996
130,10000,100,200,India,delta,45,9048.0,59.0,8989.0,31.284632,0.016,2.2,0.0352
131,10000,100,200,South Africa,beta,981,7668.0,24.0,7644.0,29.262016,0.016,1.0,0.016
132,10000,100,200,United Kingdom,alpha,844,8743.0,84.0,8659.0,41.08548,0.016,1.67,0.02672
133,10000,100,200,South Africa,beta,185,7870.0,22.0,7848.0,29.98055,0.016,1.0,0.016
134,10000,100,200,South Africa,beta,626,7766.0,23.0,7743.0,30.142582,0.016,1.0,0.016
135,10000,100,200,India,delta,968,9161.0,53.0,9108.0,30.933897,0.016,2.2,0.0352
136,10000,100,200,India,alpha,970,8638.0,28.0,8610.0,30.984156,0.016,1.67,0.02672
137,10000,100,200,Brazil,gamma,125,9250.0,79.0,9171.0,34.793137,0.016,2.05,0.032799999999999996
138,10000,100,200,India,delta,196,8022.0,25.0,7997.0,31.330807,0.016,2.2,0.0352
139,10000,100,200,South Africa,beta,814,7550.0,22.0,7528.0,29.819746,0.016,1.0,0.016
140,10000,100,200,South Africa,delta,470,8467.0,29.0,8438.0,29.57285,0.016,2.2,0.0352
141,10000,100,200,United Kingdom,alpha,787,8565.0,88.0,8477.0,41.21711,0.016,1.67,0.02672
142,10000,100,200,Brazil,beta,939,8282.0,38.0,8244.0,34.9163,0.016,1.0,0.016
143,10000,100,200,Brazil,gamma,161,8944.0,53.0,8891.0,35.245506,0.016,2.05,0.032799999999999996
144,10000,100,200,South Africa,alpha,790,7975.0,20.0,7955.0,29.660313,0.016,1.67,0.02672
145,10000,100,200,South Africa,beta,589,7791.0,26.0,7765.0,29.573694,0.016,1.0,0.016
146,10000,100,200,Brazil,delta,41,8232.0,50.0,8182.0,34.756454,0.016,2.2,0.0352
147,10000,100,200,Brazil,gamma,823,8393.0,49.0,8344.0,35.07601,0.016,2.05,0.032799999999999996
148,10000,100,200,United Kingdom,alpha,775,9047.0,123.0,8924.0,41.309795,0.016,1.67,0.02672
149,10000,100,200,India,alpha,667,7974.0,28.0,7946.0,31.254353,0.016,1.67,0.02672
150,10000,100,200,United Kingdom,alpha,204,9018.0,115.0,8903.0,41.500084,0.016,1.67,0.02672
151,10000,100,200,Brazil,gamma,804,8280.0,44.0,8236.0,35.141567,0.016,2.05,0.032799999999999996
152,10000,100,200,United Kingdom,alpha,658,8845.0,103.0,8742.0,41.496113,0.016,1.67,0.02672
153,10000,100,200,South Africa,beta,534,8104.0,21.0,8083.0,29.859922,0.016,1.0,0.016
154,10000,100,200,United Kingdom,alpha,119,8658.0,88.0,8570.0,41.459415,0.016,1.67,0.02672
155,10000,100,200,India,delta,745,9178.0,50.0,9128.0,30.6851,0.016,2.2,0.0352
156,10000,100,200,United Kingdom,delta,378,8556.0,96.0,8460.0,41.186836,0.016,2.2,0.0352
157,10000,100,200,India,delta,182,9052.0,36.0,9016.0,31.224028,0.016,2.2,0.0352
158,10000,100,200,Brazil,gamma,866,8943.0,52.0,8891.0,35.199753,0.016,2.05,0.032799999999999996
159,10000,100,200,United Kingdom,alpha,621,8727.0,109.0,8618.0,41.396423,0.016,1.67,0.02672
160,10000,100,200,United Kingdom,beta,537,8658.0,100.0,8558.0,41.4616,0.016,1.0,0.016
161,10000,100,200,South Africa,beta,90,7692.0,20.0,7672.0,29.7362,0.016,1.0,0.016
162,10000,100,200,United Kingdom,alpha,128,8636.0,78.0,8558.0,41.254612,0.016,1.67,0.02672
163,10000,100,200,India,beta,325,7823.0,29.0,7794.0,31.117496,0.016,1.0,0.016
164,10000,100,200,Brazil,gamma,105,8304.0,49.0,8255.0,35.13199,0.016,2.05,0.032799999999999996
165,10000,100,200,United Kingdom,alpha,14,8645.0,82.0,8563.0,41.322437,0.016,1.67,0.02672
166,10000,100,200,United Kingdom,alpha,511,8698.0,93.0,8605.0,41.584507,0.016,1.67,0.02672
167,10000,100,200,India,delta,153,8230.0,26.0,8204.0,30.791668,0.016,2.2,0.0352
168,10000,100,200,India,alpha,988,8479.0,29.0,8450.0,30.996088,0.016,1.67,0.02672
169,10000,100,200,United Kingdom,alpha,497,8723.0,109.0,8614.0,41.837814,0.016,1.67,0.02672
170,10000,100,200,India,delta,811,7987.0,20.0,7967.0,31.20219,0.016,2.2,0.0352
171,10000,100,200,Brazil,alpha,432,8710.0,55.0,8655.0,34.805042,0.016,1.67,0.02672
172,10000,100,200,South Africa,alpha,333,7961.0,19.0,7942.0,29.8837,0.016,1.67,0.02672
173,10000,100,200,United Kingdom,alpha,498,8798.0,73.0,8725.0,41.557083,0.016,1.67,0.02672
174,10000,100,200,United Kingdom,alpha,698,9100.0,112.0,8988.0,41.38531,0.016,1.67,0.02672
175,10000,100,200,United Kingdom,alpha,576,8896.0,100.0,8796.0,41.897564,0.016,1.67,0.02672
176,10000,100,200,Brazil,gamma,657,8179.0,40.0,8139.0,35.045746,0.016,2.05,0.032799999999999996
177,10000,100,200,India,beta,135,7945.0,22.0,7923.0,31.083712,0.016,1.0,0.016
178,10000,100,200,India,alpha,508,8118.0,29.0,8089.0,31.2055,0.016,1.67,0.02672
179,10000,100,200,Brazil,gamma,813,8333.0,54.0,8279.0,35.22569,0.016,2.05,0.032799999999999996
180,10000,100,200,Brazil,gamma,644,8176.0,43.0,8133.0,34.685246,0.016,2.05,0.032799999999999996
181,10000,100,200,South Africa,beta,959,7919.0,21.0,7898.0,29.839605,0.016,1.0,0.016
182,10000,100,200,Brazil,gamma,194,8316.0,32.0,8284.0,35.008495,0.016,2.05,0.032799999999999996
183,10000,100,200,United Kingdom,alpha,737,8570.0,103.0,8467.0,41.03125,0.016,1.67,0.02672
184,10000,100,200,India,delta,410,8921.0,39.0,8882.0,31.45711,0.016,2.2,0.0352
185,10000,100,200,South Africa,beta,16,7786.0,30.0,7756.0,29.794104,0.016,1.0,0.016
186,10000,100,200,Brazil,gamma,750,9136.0,71.0,9065.0,34.92112,0.016,2.05,0.032799999999999996
187,10000,100,200,Brazil,gamma,582,8314.0,44.0,8270.0,35.603786,0.016,2.05,0.032799999999999996
188,10000,100,200,India,delta,10,8777.0,48.0,8729.0,31.233318,0.016,2.2,0.0352
189,10000,100,200,Brazil,gamma,565,8985.0,64.0,8921.0,35.301754,0.016,2.05,0.032799999999999996
190,10000,100,200,Brazil,gamma,667,8331.0,37.0,8294.0,35.202072,0.016,2.05,0.032799999999999996
191,10000,100,200,India,alpha,831,8104.0,22.0,8082.0,31.390612,0.016,1.67,0.02672
192,10000,100,200,South Africa,delta,854,7702.0,14.0,7688.0,29.454994,0.016,2.2,0.0352
193,10000,100,200,Brazil,gamma,923,8279.0,44.0,8235.0,35.296856,0.016,2.05,0.032799999999999996
194,10000,100,200,South Africa,delta,525,9075.0,31.0,9044.0,29.841518,0.016,2.2,0.0352
195,10000,100,200,Brazil,alpha,606,8331.0,33.0,8298.0,34.947464,0.016,1.67,0.02672
196,10000,100,200,Brazil,alpha,983,8274.0,43.0,8231.0,34.975178,0.016,1.67,0.02672
197,10000,100,200,Brazil,gamma,699,8977.0,59.0,8918.0,35.26171,0.016,2.05,0.032799999999999996
198,10000,100,200,Brazil,beta,866,8309.0,37.0,8272.0,35.199753,0.016,1.0,0.016
199,10000,100,200,India,beta,344,7989.0,28.0,7961.0,31.502766,0.016,1.0,0.016
200,10000,100,200,United Kingdom,alpha,747,8568.0,93.0,8475.0,40.986732,0.016,1.67,0.02672
201,10000,100,200,Brazil,gamma,676,8373.0,33.0,8340.0,35.114986,0.016,2.05,0.032799999999999996
202,10000,100,200,United Kingdom,delta,47,8924.0,122.0,8802.0,41.057053,0.016,2.2,0.0352
203,10000,100,200,Brazil,gamma,173,8322.0,38.0,8284.0,35.05997,0.016,2.05,0.032799999999999996
204,10000,100,200,South Africa,beta,383,7852.0,21.0,7831.0,29.869837,0.016,1.0,0.016
205,10000,100,200,United Kingdom,alpha,21,8983.0,95.0,8888.0,41.53762,0.016,1.67,0.02672
206,10000,100,200,India,gamma,538,9221.0,38.0,9183.0,31.25628,0.016,2.05,0.032799999999999996
207,10000,100,200,United Kingdom,alpha,663,8763.0,89.0,8674.0,41.523994,0.016,1.67,0.02672
208,10000,100,200,United Kingdom,alpha,939,9040.0,84.0,8956.0,41.125893,0.016,1.67,0.02672
209,10000,100,200,India,delta,952,9268.0,54.0,9214.0,31.141737,0.016,2.2,0.0352
210,10000,100,200,United Kingdom,beta,452,8569.0,85.0,8484.0,41.30463,0.016,1.0,0.016
211,10000,100,200,South Africa,beta,741,7790.0,25.0,7765.0,29.95008,0.016,1.0,0.016
212,10000,100,200,India,delta,488,9225.0,46.0,9179.0,31.271843,0.016,2.2,0.0352
213,10000,100,200,United Kingdom,alpha,679,8505.0,89.0,8416.0,41.15885,0.016,1.67,0.02672
214,10000,100,200,South Africa,beta,99,7951.0,24.0,7927.0,30.000607,0.016,1.0,0.016
215,10000,100,200,United Kingdom,alpha,384,8559.0,70.0,8489.0,41.41518,0.016,1.67,0.02672
216,10000,100,200,South Africa,beta,779,7839.0,19.0,7820.0,29.546944,0.016,1.0,0.016
217,10000,100,200,Brazil,gamma,535,8502.0,60.0,8442.0,34.93182,0.016,2.05,0.032799999999999996
218,10000,100,200,Brazil,gamma,546,8391.0,63.0,8328.0,34.99569,0.016,2.05,0.032799999999999996
219,10000,100,200,United Kingdom,alpha,790,8567.0,76.0,8491.0,41.16715,0.016,1.67,0.02672
220,10000,100,200,India,delta,452,7960.0,17.0,7943.0,31.155172,0.016,2.2,0.0352
221,10000,100,200,South Africa,beta,114,7619.0,19.0,7600.0,29.638788,0.016,1.0,0.016
222,10000,100,200,Brazil,gamma,517,8383.0,33.0,8350.0,35.285374,0.016,2.05,0.032799999999999996
223,10000,100,200,South Africa,beta,413,7978.0,23.0,7955.0,29.953104,0.016,1.0,0.016
224,10000,100,200,United Kingdom,alpha,269,8633.0,84.0,8549.0,41.428967,0.016,1.67,0.02672
225,10000,100,200,Brazil,beta,218,8317.0,49.0,8268.0,35.314217,0.016,1.0,0.016
226,10000,100,200,India,delta,196,8022.0,25.0,7997.0,31.330807,0.016,2.2,0.0352
227,10000,100,200,India,delta,128,8077.0,24.0,8053.0,31.04635,0.016,2.2,0.0352
228,10000,100,200,Brazil,gamma,145,8345.0,35.0,8310.0,35.056587,0.016,2.05,0.032799999999999996
229,10000,100,200,South Africa,beta,74,8061.0,23.0,8038.0,29.786345,0.016,1.0,0.016
230,10000,100,200,Brazil,delta,585,9318.0,82.0,9236.0,35.131474,0.016,2.2,0.0352
231,10000,100,200,South Africa,gamma,349,7818.0,14.0,7804.0,29.705544,0.016,2.05,0.032799999999999996
232,10000,100,200,Brazil,delta,142,8402.0,42.0,8360.0,34.874992,0.016,2.2,0.0352
233,10000,100,200,South Africa,beta,780,7715.0,22.0,7693.0,29.593275,0.016,1.0,0.016
234,10000,100,200,South Africa,beta,572,7950.0,25.0,7925.0,29.884106,0.016,1.0,0.016
235,10000,100,200,United Kingdom,alpha,129,8608.0,88.0,8520.0,41.199406,0.016,1.67,0.02672
236,10000,100,200,India,delta,448,9227.0,48.0,9179.0,30.92301,0.016,2.2,0.0352
237,10000,100,200,India,delta,831,8104.0,22.0,8082.0,31.390612,0.016,2.2,0.0352
238,10000,100,200,India,delta,294,8055.0,22.0,8033.0,31.472412,0.016,2.2,0.0352
239,10000,100,200,Brazil,delta,729,8862.0,58.0,8804.0,35.61216,0.016,2.2,0.0352
240,10000,100,200,Brazil,gamma,942,9076.0,67.0,9009.0,35.1055,0.016,2.05,0.032799999999999996
241,10000,100,200,India,beta,413,7970.0,28.0,7942.0,31.356144,0.016,1.0,0.016
242,10000,100,200,Brazil,gamma,696,8282.0,42.0,8240.0,35.16403,0.016,2.05,0.032799999999999996
243,10000,100,200,South Africa,delta,479,8025.0,27.0,7998.0,29.46782,0.016,2.2,0.0352
244,10000,100,200,India,delta,200,8127.0,21.0,8106.0,31.466463,0.016,2.2,0.0352
245,10000,100,200,United Kingdom,alpha,998,8911.0,105.0,8806.0,40.992523,0.016,1.67,0.02672
246,10000,100,200,South Africa,beta,266,7914.0,16.0,7898.0,29.662354,0.016,1.0,0.016
247,10000,100,200,India,delta,436,7983.0,28.0,7955.0,31.128,0.016,2.2,0.0352
248,10000,100,200,Brazil,gamma,112,8777.0,55.0,8722.0,35.127518,0.016,2.05,0.032799999999999996
249,10000,100,200,India,alpha,573,7934.0,24.0,7910.0,30.809973,0.016,1.67,0.02672
250,10000,100,200,South Africa,beta,985,7759.0,30.0,7729.0,30.157244,0.016,1.0,0.016
251,10000,100,200,South Africa,gamma,338,7819.0,18.0,7801.0,30.086866,0.016,2.05,0.032799999999999996
252,10000,100,200,Brazil,gamma,725,9031.0,44.0,8987.0,34.829494,0.016,2.05,0.032799999999999996
253,10000,100,200,South Africa,beta,601,7873.0,20.0,7853.0,29.95307,0.016,1.0,0.016
254,10000,100,200,India,delta,166,9239.0,54.0,9185.0,30.939693,0.016,2.2,0.0352
255,10000,100,200,Brazil,gamma,224,8269.0,40.0,8229.0,35.61019,0.016,2.05,0.032799999999999996
256,10000,100,200,Brazil,gamma,357,8995.0,77.0,8918.0,35.11461,0.016,2.05,0.032799999999999996
257,10000,100,200,Brazil,gamma,816,8230.0,46.0,8184.0,34.814213,0.016,2.05,0.032799999999999996
258,10000,100,200,Brazil,gamma,603,9236.0,72.0,9164.0,35.022415,0.016,2.05,0.032799999999999996
259,10000,100,200,Brazil,gamma,512,8883.0,62.0,8821.0,35.25725,0.016,2.05,0.032799999999999996
260,10000,100,200,India,delta,119,8091.0,31.0,8060.0,31.221697,0.016,2.2,0.0352
261,10000,100,200,Brazil,alpha,611,8660.0,47.0,8613.0,35.25695,0.016,1.67,0.02672
262,10000,100,200,South Africa,beta,552,7843.0,24.0,7819.0,29.888687,0.016,1.0,0.016
263,10000,100,200,South Africa,alpha,193,7880.0,28.0,7852.0,29.865818,0.016,1.67,0.02672
264,10000,100,200,South Africa,gamma,536,8458.0,28.0,8430.0,29.65133,0.016,2.05,0.032799999999999996
265,10000,100,200,India,delta,389,9137.0,60.0,9077.0,30.8908,0.016,2.2,0.0352
266,10000,100,200,India,delta,866,9110.0,43.0,9067.0,31.245281,0.016,2.2,0.0352
267,10000,100,200,India,beta,697,7902.0,25.0,7877.0,31.298866,0.016,1.0,0.016
268,10000,100,200,United Kingdom,alpha,531,8459.0,94.0,8365.0,41.528896,0.016,1.67,0.02672
269,10000,100,200,Brazil,delta,221,8213.0,37.0,8176.0,35.515976,0.016,2.2,0.0352
270,10000,100,200,India,delta,615,9099.0,52.0,9047.0,30.900612,0.016,2.2,0.0352
271,10000,100,200,India,beta,265,7943.0,28.0,7915.0,31.35025,0.016,1.0,0.016
272,10000,100,200,India,delta,132,8137.0,32.0,8105.0,30.925615,0.016,2.2,0.0352
273,10000,100,200,Brazil,alpha,145,8345.0,35.0,8310.0,35.056587,0.016,1.67,0.02672
274,10000,100,200,United Kingdom,delta,338,8586.0,102.0,8484.0,41.87557,0.016,2.2,0.0352
275,10000,100,200,India,alpha,947,8054.0,30.0,8024.0,31.397116,0.016,1.67,0.02672
276,10000,100,200,India,delta,379,8163.0,24.0,8139.0,31.237362,0.016,2.2,0.0352
277,10000,100,200,Brazil,delta,170,8270.0,38.0,8232.0,35.397007,0.016,2.2,0.0352
278,10000,100,200,Brazil,gamma,934,9098.0,70.0,9028.0,34.829895,0.016,2.05,0.032799999999999996
279,10000,100,200,South Africa,beta,933,7748.0,16.0,7732.0,29.62219,0.016,1.0,0.016
280,10000,100,200,South Africa,beta,400,7697.0,19.0,7678.0,29.569754,0.016,1.0,0.016
281,10000,100,200,South Africa,beta,471,7883.0,19.0,7864.0,29.822681,0.016,1.0,0.016
282,10000,100,200,India,beta,609,7822.0,28.0,7794.0,31.12338,0.016,1.0,0.016
283,10000,100,200,United Kingdom,alpha,173,9042.0,96.0,8946.0,41.269707,0.016,1.67,0.02672
284,10000,100,200,South Africa,beta,699,7934.0,23.0,7911.0,29.866566,0.016,1.0,0.016
285,10000,100,200,India,delta,756,9341.0,67.0,9274.0,31.432434,0.016,2.2,0.0352
286,10000,100,200,South Africa,beta,285,7716.0,13.0,7703.0,29.713205,0.016,1.0,0.016
287,10000,100,200,United Kingdom,alpha,267,9249.0,114.0,9135.0,41.8467,0.016,1.67,0.02672
288,10000,100,200,Brazil,gamma,833,9061.0,72.0,8989.0,35.1852,0.016,2.05,0.032799999999999996
289,10000,100,200,South Africa,delta,163,9390.0,51.0,9339.0,29.662329,0.016,2.2,0.0352
290,10000,100,200,South Africa,beta,172,7733.0,22.0,7711.0,29.760881,0.016,1.0,0.016
291,10000,100,200,South Africa,beta,637,7880.0,19.0,7861.0,29.926374,0.016,1.0,0.016
292,10000,100,200,South Africa,beta,956,7853.0,19.0,7834.0,29.799446,0.016,1.0,0.016
293,10000,100,200,United Kingdom,alpha,943,8597.0,93.0,8504.0,41.39611,0.016,1.67,0.02672
294,10000,100,200,United Kingdom,gamma,572,9052.0,110.0,8942.0,41.56168,0.016,2.05,0.032799999999999996
295,10000,100,200,United Kingdom,beta,483,8568.0,116.0,8452.0,41.5161,0.016,1.0,0.016
296,10000,100,200,India,delta,527,8754.0,55.0,8699.0,31.04756,0.016,2.2,0.0352
297,10000,100,200,India,beta,333,8026.0,23.0,8003.0,31.239193,0.016,1.0,0.016
298,10000,100,200,United Kingdom,alpha,827,8657.0,97.0,8560.0,41.396427,0.016,1.67,0.02672
299,10000,100,200,United Kingdom,alpha,340,8724.0,110.0,8614.0,41.466373,0.016,1.67,0.02672
300,10000,100,200,Brazil,gamma,375,8908.0,54.0,8854.0,34.933083,0.016,2.05,0.032799999999999996
301,10000,100,200,India,delta,886,9309.0,65.0,9244.0,31.100098,0.016,2.2,0.0352
302,10000,100,200,South Africa,delta,136,7648.0,23.0,7625.0,29.624159,0.016,2.2,0.0352
303,10000,100,200,Brazil,gamma,568,8315.0,45.0,8270.0,35.10715,0.016,2.05,0.032799999999999996
304,10000,100,200,United Kingdom,alpha,5,8627.0,100.0,8527.0,41.906776,0.016,1.67,0.02672
305,10000,100,200,India,delta,567,8839.0,38.0,8801.0,31.21179,0.016,2.2,0.0352
306,10000,100,200,United Kingdom,alpha,609,8503.0,82.0,8421.0,41.21588,0.016,1.67,0.02672
307,10000,100,200,United Kingdom,alpha,889,8568.0,108.0,8460.0,41.662186,0.016,1.67,0.02672
308,10000,100,200,Brazil,gamma,558,8490.0,45.0,8445.0,35.023254,0.016,2.05,0.032799999999999996
309,10000,100,200,South Africa,beta,640,7768.0,22.0,7746.0,29.510525,0.016,1.0,0.016
310,10000,100,200,South Africa,beta,602,7867.0,22.0,7845.0,29.288269,0.016,1.0,0.016
311,10000,100,200,United Kingdom,alpha,368,8927.0,103.0,8824.0,41.639503,0.016,1.67,0.02672
312,10000,100,200,Brazil,delta,362,8352.0,40.0,8312.0,34.952026,0.016,2.2,0.0352
313,10000,100,200,South Africa,alpha,826,8491.0,24.0,8467.0,30.283476,0.016,1.67,0.02672
314,10000,100,200,India,delta,940,9246.0,50.0,9196.0,31.275772,0.016,2.2,0.0352
315,10000,100,200,Brazil,gamma,625,8306.0,49.0,8257.0,35.52798,0.016,2.05,0.032799999999999996
316,10000,100,200,Brazil,gamma,28,9094.0,73.0,9021.0,34.986797,0.016,2.05,0.032799999999999996
317,10000,100,200,Brazil,gamma,142,8402.0,42.0,8360.0,34.874992,0.016,2.05,0.032799999999999996
318,10000,100,200,United Kingdom,gamma,790,8567.0,76.0,8491.0,41.16715,0.016,2.05,0.032799999999999996
319,10000,100,200,India,delta,482,8101.0,26.0,8075.0,31.108112,0.016,2.2,0.0352
320,10000,100,200,South Africa,gamma,868,8803.0,39.0,8764.0,30.0424,0.016,2.05,0.032799999999999996
321,10000,100,200,United Kingdom,alpha,202,9069.0,135.0,8934.0,41.317886,0.016,1.67,0.02672
322,10000,100,200,South Africa,alpha,404,8404.0,34.0,8370.0,29.542929,0.016,1.67,0.02672
323,10000,100,200,South Africa,beta,428,7869.0,18.0,7851.0,29.68184,0.016,1.0,0.016
324,10000,100,200,Brazil,gamma,718,8381.0,51.0,8330.0,34.947018,0.016,2.05,0.032799999999999996
325,10000,100,200,United Kingdom,alpha,728,8721.0,86.0,8635.0,41.294117,0.016,1.67,0.02672
326,10000,100,200,Brazil,gamma,281,9230.0,69.0,9161.0,35.12627,0.016,2.05,0.032799999999999996
327,10000,100,200,Brazil,gamma,918,8495.0,44.0,8451.0,35.14962,0.016,2.05,0.032799999999999996
328,10000,100,200,India,delta,49,7843.0,26.0,7817.0,30.974693,0.016,2.2,0.0352
329,10000,100,200,Brazil,gamma,875,9052.0,66.0,8986.0,35.548447,0.016,2.05,0.032799999999999996
330,10000,100,200,United Kingdom,alpha,741,8543.0,89.0,8454.0,41.695885,0.016,1.67,0.02672
331,10000,100,200,South Africa,gamma,690,8795.0,30.0,8765.0,29.96965,0.016,2.05,0.032799999999999996
332,10000,100,200,South Africa,alpha,409,8488.0,18.0,8470.0,29.63758,0.016,1.67,0.02672
333,10000,100,200,South Africa,beta,55,7829.0,18.0,7811.0,29.899574,0.016,1.0,0.016
334,10000,100,200,United Kingdom,alpha,101,8773.0,104.0,8669.0,41.221832,0.016,1.67,0.02672
335,10000,100,200,United Kingdom,alpha,252,8531.0,104.0,8427.0,40.928905,0.016,1.67,0.02672
336,10000,100,200,Brazil,gamma,504,8311.0,43.0,8268.0,35.256718,0.016,2.05,0.032799999999999996
337,10000,100,200,South Africa,gamma,299,8734.0,29.0,8705.0,29.860191,0.016,2.05,0.032799999999999996
338,10000,100,200,United Kingdom,alpha,414,8742.0,86.0,8656.0,41.59292,0.016,1.67,0.02672
339,10000,100,200,Brazil,gamma,832,8330.0,49.0,8281.0,35.12525,0.016,2.05,0.032799999999999996
340,10000,100,200,Brazil,gamma,479,8367.0,34.0,8333.0,34.9169,0.016,2.05,0.032799999999999996
341,10000,100,200,Brazil,gamma,901,8923.0,50.0,8873.0,34.956837,0.016,2.05,0.032799999999999996
342,10000,100,200,Brazil,gamma,297,8757.0,40.0,8717.0,34.846367,0.016,2.05,0.032799999999999996
343,10000,100,200,India,delta,454,8025.0,30.0,7995.0,31.003656,0.016,2.2,0.0352
344,10000,100,200,United Kingdom,alpha,843,8708.0,81.0,8627.0,41.362022,0.016,1.67,0.02672
345,10000,100,200,United Kingdom,alpha,453,8521.0,83.0,8438.0,41.485493,0.016,1.67,0.02672
346,10000,100,200,United Kingdom,alpha,772,8622.0,83.0,8539.0,41.51853,0.016,1.67,0.02672
347,10000,100,200,India,delta,753,8138.0,28.0,8110.0,31.195312,0.016,2.2,0.0352
348,10000,100,200,South Africa,beta,982,7733.0,19.0,7714.0,29.527437,0.016,1.0,0.016
349,10000,100,200,South Africa,beta,894,7799.0,19.0,7780.0,29.743357,0.016,1.0,0.016
350,10000,100,200,United Kingdom,alpha,257,8514.0,75.0,8439.0,41.522755,0.016,1.67,0.02672
351,10000,100,200,Brazil,gamma,712,8789.0,56.0,8733.0,35.31545,0.016,2.05,0.032799999999999996
352,10000,100,200,South Africa,beta,881,7886.0,24.0,7862.0,29.795876,0.016,1.0,0.016
353,10000,100,200,India,delta,155,8072.0,26.0,8046.0,31.40299,0.016,2.2,0.0352
354,10000,100,200,India,delta,159,9455.0,61.0,9394.0,31.490244,0.016,2.2,0.0352
355,10000,100,200,United Kingdom,alpha,224,8595.0,89.0,8506.0,41.84995,0.016,1.67,0.02672
356,10000,100,200,India,delta,933,9063.0,44.0,9019.0,31.055256,0.016,2.2,0.0352
357,10000,100,200,Brazil,gamma,31,8345.0,45.0,8300.0,35.290047,0.016,2.05,0.032799999999999996
358,10000,100,200,Brazil,gamma,851,8262.0,40.0,8222.0,35.020897,0.016,2.05,0.032799999999999996
359,10000,100,200,South Africa,beta,566,7702.0,21.0,7681.0,29.721893,0.016,1.0,0.016
360,10000,100,200,South Africa,beta,404,7856.0,20.0,7836.0,29.542929,0.016,1.0,0.016
361,10000,100,200,United Kingdom,alpha,64,8517.0,89.0,8428.0,41.296833,0.016,1.67,0.02672
362,10000,100,200,India,delta,848,8085.0,24.0,8061.0,31.119875,0.016,2.2,0.0352
363,10000,100,200,India,delta,532,7955.0,24.0,7931.0,31.148237,0.016,2.2,0.0352
364,10000,100,200,South Africa,beta,693,7884.0,25.0,7859.0,29.858097,0.016,1.0,0.016
365,10000,100,200,United Kingdom,alpha,868,8777.0,86.0,8691.0,41.72187,0.016,1.67,0.02672
366,10000,100,200,South Africa,beta,282,7818.0,23.0,7795.0,29.306503,0.016,1.0,0.016
367,10000,100,200,India,delta,378,8225.0,40.0,8185.0,30.992853,0.016,2.2,0.0352
368,10000,100,200,South Africa,beta,187,7745.0,21.0,7724.0,29.548044,0.016,1.0,0.016
369,10000,100,200,South Africa,beta,438,7803.0,25.0,7778.0,29.775463,0.016,1.0,0.016
370,10000,100,200,South Africa,gamma,495,7768.0,21.0,7747.0,29.770132,0.016,2.05,0.032799999999999996
371,10000,100,200,India,delta,802,8780.0,48.0,8732.0,31.268215,0.016,2.2,0.0352
372,10000,100,200,Brazil,gamma,989,8185.0,42.0,8143.0,35.154366,0.016,2.05,0.032799999999999996
373,10000,100,200,India,alpha,56,8171.0,38.0,8133.0,31.35011,0.016,1.67,0.02672
374,10000,100,200,India,delta,655,9138.0,49.0,9089.0,31.026094,0.016,2.2,0.0352
375,10000,100,200,United Kingdom,alpha,764,8690.0,91.0,8599.0,41.50013,0.016,1.67,0.02672
376,10000,100,200,United Kingdom,alpha,579,8791.0,87.0,8704.0,41.37118,0.016,1.67,0.02672
377,10000,100,200,Brazil,gamma,182,9270.0,73.0,9197.0,35.185497,0.016,2.05,0.032799999999999996
378,10000,100,200,Brazil,gamma,494,8237.0,35.0,8202.0,34.773224,0.016,2.05,0.032799999999999996
379,10000,100,200,United Kingdom,alpha,927,8609.0,102.0,8507.0,40.869205,0.016,1.67,0.02672
380,10000,100,200,Brazil,gamma,678,9248.0,62.0,9186.0,34.88816,0.016,2.05,0.032799999999999996
381,10000,100,200,India,delta,387,9308.0,48.0,9260.0,31.053959,0.016,2.2,0.0352
382,10000,100,200,United Kingdom,alpha,635,8601.0,89.0,8512.0,41.547417,0.016,1.67,0.02672
383,10000,100,200,South Africa,delta,52,7832.0,19.0,7813.0,29.56715,0.016,2.2,0.0352
384,10000,100,200,Brazil,beta,722,8352.0,38.0,8314.0,35.55603,0.016,1.0,0.016
385,10000,100,200,India,delta,194,7983.0,25.0,7958.0,30.919163,0.016,2.2,0.0352
386,10000,100,200,United Kingdom,alpha,489,8732.0,74.0,8658.0,41.390667,0.016,1.67,0.02672
387,10000,100,200,Brazil,gamma,376,9191.0,67.0,9124.0,35.277138,0.016,2.05,0.032799999999999996
388,10000,100,200,Brazil,gamma,371,8187.0,43.0,8144.0,35.33311,0.016,2.05,0.032799999999999996
389,10000,100,200,United Kingdom,alpha,625,8591.0,98.0,8493.0,41.73413,0.016,1.67,0.02672
390,10000,100,200,Brazil,gamma,122,8590.0,42.0,8548.0,35.203045,0.016,2.05,0.032799999999999996
391,10000,100,200,India,delta,787,7795.0,28.0,7767.0,31.039463,0.016,2.2,0.0352
392,10000,100,200,United Kingdom,alpha,441,8624.0,88.0,8536.0,41.23051,0.016,1.67,0.02672
393,10000,100,200,South Africa,beta,74,8061.0,23.0,8038.0,29.786345,0.016,1.0,0.016
394,10000,100,200,United Kingdom,alpha,318,9140.0,115.0,9025.0,41.455082,0.016,1.67,0.02672
395,10000,100,200,United Kingdom,delta,508,8825.0,97.0,8728.0,41.549225,0.016,2.2,0.0352
396,10000,100,200,South Africa,beta,228,7819.0,29.0,7790.0,29.414831,0.016,1.0,0.016
397,10000,100,200,South Africa,beta,946,8007.0,23.0,7984.0,29.875177,0.016,1.0,0.016
398,10000,100,200,Brazil,gamma,419,8394.0,53.0,8341.0,35.48503,0.016,2.05,0.032799999999999996
399,10000,100,200,South Africa,beta,465,7826.0,20.0,7806.0,29.798538,0.016,1.0,0.016
400,10000,100,200,Brazil,gamma,777,8213.0,43.0,8170.0,34.999382,0.016,2.05,0.032799999999999996
401,10000,100,200,United Kingdom,alpha,737,8570.0,103.0,8467.0,41.03125,0.016,1.67,0.02672
402,10000,100,200,India,delta,134,9280.0,57.0,9223.0,31.030045,0.016,2.2,0.0352
403,10000,100,200,India,delta,157,7894.0,30.0,7864.0,30.75974,0.016,2.2,0.0352
404,10000,100,200,United Kingdom,alpha,153,8614.0,86.0,8528.0,40.97908,0.016,1.67,0.02672
405,10000,100,200,South Africa,beta,723,7711.0,28.0,7683.0,29.643896,0.016,1.0,0.016
406,10000,100,200,South Africa,gamma,880,7769.0,18.0,7751.0,29.568535,0.016,2.05,0.032799999999999996
407,10000,100,200,United Kingdom,alpha,457,8506.0,77.0,8429.0,41.165432,0.016,1.67,0.02672
408,10000,100,200,United Kingdom,alpha,554,9002.0,126.0,8876.0,41.250347,0.016,1.67,0.02672
409,10000,100,200,United Kingdom,alpha,131,8611.0,80.0,8531.0,41.279293,0.016,1.67,0.02672
410,10000,100,200,Brazil,gamma,20,8309.0,41.0,8268.0,35.098305,0.016,2.05,0.032799999999999996
411,10000,100,200,South Africa,delta,22,7859.0,29.0,7830.0,29.86453,0.016,2.2,0.0352
412,10000,100,200,South Africa,beta,530,7606.0,25.0,7581.0,29.845888,0.016,1.0,0.016
413,10000,100,200,Brazil,gamma,453,8663.0,50.0,8613.0,35.205017,0.016,2.05,0.032799999999999996
414,10000,100,200,United Kingdom,alpha,274,8916.0,87.0,8829.0,41.045326,0.016,1.67,0.02672
415,10000,100,200,Brazil,gamma,615,8768.0,54.0,8714.0,34.83305,0.016,2.05,0.032799999999999996
416,10000,100,200,Brazil,beta,531,8327.0,38.0,8289.0,35.313286,0.016,1.0,0.016
417,10000,100,200,India,delta,254,7913.0,28.0,7885.0,30.924625,0.016,2.2,0.0352
418,10000,100,200,South Africa,beta,859,8026.0,22.0,8004.0,29.919025,0.016,1.0,0.016
419,10000,100,200,India,delta,728,9083.0,42.0,9041.0,31.036543,0.016,2.2,0.0352
420,10000,100,200,Brazil,gamma,723,8473.0,48.0,8425.0,35.089092,0.016,2.05,0.032799999999999996
421,10000,100,200,United Kingdom,alpha,878,8684.0,86.0,8598.0,41.136482,0.016,1.67,0.02672
422,10000,100,200,South Africa,beta,114,7619.0,19.0,7600.0,29.638788,0.016,1.0,0.016
423,10000,100,200,India,beta,335,7892.0,28.0,7864.0,31.57227,0.016,1.0,0.016
424,10000,100,200,South Africa,beta,704,7668.0,21.0,7647.0,29.619038,0.016,1.0,0.016
425,10000,100,200,Brazil,gamma,388,8402.0,44.0,8358.0,35.20061,0.016,2.05,0.032799999999999996
426,10000,100,200,India,delta,630,8650.0,40.0,8610.0,31.060543,0.016,2.2,0.0352
427,10000,100,200,United Kingdom,delta,322,9073.0,121.0,8952.0,41.438286,0.016,2.2,0.0352
428,10000,100,200,Brazil,gamma,591,9065.0,71.0,8994.0,35.146736,0.016,2.05,0.032799999999999996
429,10000,100,200,South Africa,beta,444,7763.0,17.0,7746.0,29.741621,0.016,1.0,0.016
430,10000,100,200,United Kingdom,gamma,100,8922.0,100.0,8822.0,41.369568,0.016,2.05,0.032799999999999996
431,10000,100,200,India,delta,755,7926.0,21.0,7905.0,31.299515,0.016,2.2,0.0352
432,10000,100,200,United Kingdom,delta,529,9216.0,119.0,9097.0,41.207073,0.016,2.2,0.0352
433,10000,100,200,Brazil,gamma,183,8488.0,49.0,8439.0,34.930893,0.016,2.05,0.032799999999999996
434,10000,100,200,South Africa,beta,973,7736.0,18.0,7718.0,29.920141,0.016,1.0,0.016
435,10000,100,200,United Kingdom,beta,704,8579.0,93.0,8486.0,41.255054,0.016,1.0,0.016
436,10000,100,200,Brazil,gamma,131,8306.0,49.0,8257.0,34.992706,0.016,2.05,0.032799999999999996
437,10000,100,200,South Africa,beta,520,7690.0,31.0,7659.0,29.515503,0.016,1.0,0.016
438,10000,100,200,India,delta,610,7993.0,23.0,7970.0,31.021965,0.016,2.2,0.0352
439,10000,100,200,South Africa,delta,956,9126.0,46.0,9080.0,29.799446,0.016,2.2,0.0352
440,10000,100,200,United Kingdom,alpha,444,8862.0,98.0,8764.0,41.364338,0.016,1.67,0.02672
441,10000,100,200,Brazil,beta,416,8327.0,31.0,8296.0,35.22381,0.016,1.0,0.016
442,10000,100,200,South Africa,beta,546,7608.0,13.0,7595.0,29.562841,0.016,1.0,0.016
443,10000,100,200,Brazil,gamma,262,8170.0,49.0,8121.0,34.735588,0.016,2.05,0.032799999999999996
444,10000,100,200,South Africa,beta,593,7901.0,15.0,7886.0,29.871695,0.016,1.0,0.016
445,10000,100,200,South Africa,beta,479,8025.0,27.0,7998.0,29.46782,0.016,1.0,0.016
446,10000,100,200,South Africa,alpha,180,7808.0,22.0,7786.0,29.67325,0.016,1.67,0.02672
447,10000,100,200,Brazil,gamma,871,9250.0,75.0,9175.0,35.560493,0.016,2.05,0.032799999999999996
448,10000,100,200,India,delta,677,8227.0,25.0,8202.0,31.161531,0.016,2.2,0.0352
449,10000,100,200,Brazil,gamma,709,8336.0,31.0,8305.0,34.92729,0.016,2.05,0.032799999999999996
450,10000,100,200,South Africa,beta,558,7752.0,26.0,7726.0,29.54845,0.016,1.0,0.016
451,10000,100,200,Brazil,gamma,540,8118.0,41.0,8077.0,35.338963,0.016,2.05,0.032799999999999996
452,10000,100,200,Brazil,gamma,107,8240.0,29.0,8211.0,34.891693,0.016,2.05,0.032799999999999996
453,10000,100,200,South Africa,beta,621,7717.0,18.0,7699.0,29.824772,0.016,1.0,0.016
454,10000,100,200,Brazil,delta,677,8295.0,46.0,8249.0,35.146946,0.016,2.2,0.0352
455,10000,100,200,South Africa,alpha,209,8316.0,30.0,8286.0,29.232397,0.016,1.67,0.02672
456,10000,100,200,United Kingdom,alpha,603,8874.0,96.0,8778.0,41.228497,0.016,1.67,0.02672
457,10000,100,200,India,delta,826,9106.0,53.0,9053.0,31.691435,0.016,2.2,0.0352
458,10000,100,200,Brazil,gamma,697,8277.0,34.0,8243.0,35.351437,0.016,2.05,0.032799999999999996
459,10000,100,200,South Africa,alpha,349,7818.0,14.0,7804.0,29.705544,0.016,1.67,0.02672
460,10000,100,200,South Africa,beta,672,7774.0,32.0,7742.0,29.971226,0.016,1.0,0.016
461,10000,100,200,United Kingdom,alpha,529,8722.0,93.0,8629.0,41.207073,0.016,1.67,0.02672
462,10000,100,200,Brazil,gamma,424,8260.0,58.0,8202.0,35.663063,0.016,2.05,0.032799999999999996
463,10000,100,200,South Africa,beta,957,7757.0,21.0,7736.0,29.558819,0.016,1.0,0.016
464,10000,100,200,United Kingdom,delta,624,8581.0,109.0,8472.0,41.37093,0.016,2.2,0.0352
465,10000,100,200,Brazil,gamma,110,8682.0,54.0,8628.0,35.461536,0.016,2.05,0.032799999999999996
466,10000,100,200,Brazil,gamma,993,8956.0,67.0,8889.0,34.892708,0.016,2.05,0.032799999999999996
467,10000,100,200,India,delta,804,8063.0,23.0,8040.0,31.147259,0.016,2.2,0.0352
468,10000,100,200,Brazil,gamma,166,8651.0,43.0,8608.0,34.96139,0.016,2.05,0.032799999999999996
469,10000,100,200,South Africa,beta,785,7797.0,22.0,7775.0,29.684378,0.016,1.0,0.016
470,10000,100,200,South Africa,alpha,835,7966.0,17.0,7949.0,29.7416,0.016,1.67,0.02672
471,10000,100,200,Brazil,gamma,731,9308.0,70.0,9238.0,35.20993,0.016,2.05,0.032799999999999996
472,10000,100,200,United Kingdom,delta,797,8662.0,76.0,8586.0,41.28833,0.016,2.2,0.0352
473,10000,100,200,United Kingdom,delta,281,9291.0,157.0,9134.0,41.37093,0.016,2.2,0.0352
474,10000,100,200,South Africa,beta,347,7758.0,23.0,7735.0,29.502825,0.016,1.0,0.016
475,10000,100,200,India,delta,184,8859.0,45.0,8814.0,30.739956,0.016,2.2,0.0352
476,10000,100,200,United Kingdom,alpha,641,8645.0,88.0,8557.0,41.722076,0.016,1.67,0.02672
477,10000,100,200,Brazil,gamma,812,8252.0,36.0,8216.0,35.206444,0.016,2.05,0.032799999999999996
478,10000,100,200,India,delta,716,8932.0,53.0,8879.0,31.105894,0.016,2.2,0.0352
479,10000,100,200,Brazil,delta,852,8361.0,38.0,8323.0,34.76858,0.016,2.2,0.0352
480,10000,100,200,United Kingdom,alpha,367,8584.0,100.0,8484.0,42.008114,0.016,1.67,0.02672
481,10000,100,200,India,delta,498,9033.0,44.0,8989.0,31.349731,0.016,2.2,0.0352
482,10000,100,200,Brazil,gamma,641,8334.0,45.0,8289.0,35.476826,0.016,2.05,0.032799999999999996
483,10000,100,200,Brazil,gamma,419,8394.0,53.0,8341.0,35.48503,0.016,2.05,0.032799999999999996
484,10000,100,200,Brazil,gamma,483,8739.0,56.0,8683.0,35.322136,0.016,2.05,0.032799999999999996
485,10000,100,200,Brazil,gamma,262,8170.0,49.0,8121.0,34.735588,0.016,2.05,0.032799999999999996
486,10000,100,200,Brazil,gamma,257,8157.0,45.0,8112.0,35.310814,0.016,2.05,0.032799999999999996
487,10000,100,200,United Kingdom,alpha,349,8565.0,98.0,8467.0,41.318214,0.016,1.67,0.02672
488,10000,100,200,India,delta,237,8836.0,36.0,8800.0,30.972519,0.016,2.2,0.0352
489,10000,100,200,United Kingdom,beta,969,8620.0,94.0,8526.0,41.37307,0.016,1.0,0.016
490,10000,100,200,Brazil,gamma,918,8495.0,44.0,8451.0,35.14962,0.016,2.05,0.032799999999999996
491,10000,100,200,Brazil,gamma,1000,8215.0,43.0,8172.0,34.84805,0.016,2.05,0.032799999999999996
492,10000,100,200,Brazil,gamma,521,8280.0,45.0,8235.0,35.30913,0.016,2.05,0.032799999999999996
493,10000,100,200,Brazil,alpha,916,8165.0,42.0,8123.0,35.106968,0.016,1.67,0.02672
494,10000,100,200,Brazil,alpha,680,8070.0,32.0,8038.0,34.994656,0.016,1.67,0.02672
495,10000,100,200,South Africa,beta,997,7758.0,26.0,7732.0,29.934666,0.016,1.0,0.016
496,10000,100,200,Brazil,gamma,221,8213.0,37.0,8176.0,35.515976,0.016,2.05,0.032799999999999996
497,10000,100,200,South Africa,beta,714,8007.0,20.0,7987.0,29.974371,0.016,1.0,0.016
498,10000,100,200,Brazil,gamma,240,9475.0,75.0,9400.0,35.340298,0.016,2.05,0.032799999999999996
499,10000,100,200,South Africa,beta,911,7647.0,18.0,7629.0,29.73575,0.016,1.0,0.016
500,10000,100,200,Brazil,gamma,370,8400.0,36.0,8364.0,35.071236,0.016,2.05,0.032799999999999996
501,10000,100,200,United Kingdom,alpha,649,8621.0,98.0,8523.0,41.193058,0.016,1.67,0.02672
502,10000,100,200,South Africa,alpha,176,8375.0,27.0,8348.0,29.45031,0.016,1.67,0.02672
503,10000,100,200,Brazil,gamma,664,9546.0,93.0,9453.0,35.075016,0.016,2.05,0.032799999999999996
504,10000,100,200,United Kingdom,alpha,25,8681.0,88.0,8593.0,41.46282,0.016,1.67,0.02672
505,10000,100,200,India,delta,849,9005.0,45.0,8960.0,31.318071,0.016,2.2,0.0352
506,10000,100,200,United Kingdom,alpha,568,8576.0,79.0,8497.0,41.337788,0.016,1.67,0.02672
507,10000,100,200,Brazil,gamma,668,8255.0,38.0,8217.0,35.143635,0.016,2.05,0.032799999999999996
508,10000,100,200,South Africa,beta,358,7752.0,20.0,7732.0,29.875813,0.016,1.0,0.016
509,10000,100,200,United Kingdom,alpha,517,8680.0,89.0,8591.0,41.440063,0.016,1.67,0.02672
510,10000,100,200,South Africa,delta,880,7769.0,18.0,7751.0,29.568535,0.016,2.2,0.0352
511,10000,100,200,Brazil,gamma,306,8756.0,55.0,8701.0,35.476517,0.016,2.05,0.032799999999999996
512,10000,100,200,South Africa,alpha,970,8389.0,26.0,8363.0,29.644947,0.016,1.67,0.02672
513,10000,100,200,Brazil,gamma,148,9228.0,67.0,9161.0,34.823868,0.016,2.05,0.032799999999999996
514,10000,100,200,South Africa,beta,13,7923.0,25.0,7898.0,29.710943,0.016,1.0,0.016
515,10000,100,200,United Kingdom,alpha,822,8518.0,78.0,8440.0,40.835598,0.016,1.67,0.02672
516,10000,100,200,South Africa,gamma,433,7912.0,22.0,7890.0,29.912106,0.016,2.05,0.032799999999999996
517,10000,100,200,United Kingdom,gamma,182,9211.0,140.0,9071.0,41.379642,0.016,2.05,0.032799999999999996
518,10000,100,200,India,delta,306,8950.0,33.0,8917.0,31.393185,0.016,2.2,0.0352
519,10000,100,200,India,delta,950,8436.0,45.0,8391.0,31.673288,0.016,2.2,0.0352
520,10000,100,200,South Africa,beta,672,7774.0,32.0,7742.0,29.971226,0.016,1.0,0.016
521,10000,100,200,South Africa,beta,457,7816.0,20.0,7796.0,29.553453,0.016,1.0,0.016
522,10000,100,200,South Africa,beta,705,7993.0,17.0,7976.0,29.810162,0.016,1.0,0.016
523,10000,100,200,United Kingdom,alpha,63,8576.0,79.0,8497.0,40.93108,0.016,1.67,0.02672
524,10000,100,200,South Africa,beta,275,7869.0,23.0,7846.0,29.85239,0.016,1.0,0.016
525,10000,100,200,United Kingdom,delta,918,8602.0,89.0,8513.0,41.350075,0.016,2.2,0.0352
526,10000,100,200,Brazil,gamma,572,8797.0,60.0,8737.0,35.299324,0.016,2.05,0.032799999999999996
527,10000,100,200,Brazil,gamma,998,9143.0,52.0,9091.0,34.85472,0.016,2.05,0.032799999999999996
528,10000,100,200,India,delta,313,9092.0,47.0,9045.0,31.482906,0.016,2.2,0.0352
529,10000,100,200,India,delta,755,7926.0,21.0,7905.0,31.299515,0.016,2.2,0.0352
530,10000,100,200,Brazil,gamma,992,9043.0,59.0,8984.0,35.125282,0.016,2.05,0.032799999999999996
531,10000,100,200,Brazil,gamma,262,8170.0,49.0,8121.0,34.735588,0.016,2.05,0.032799999999999996
532,10000,100,200,India,gamma,932,9029.0,38.0,8991.0,31.24552,0.016,2.05,0.032799999999999996
533,10000,100,200,South Africa,beta,80,7724.0,25.0,7699.0,29.638668,0.016,1.0,0.016
534,10000,100,200,Brazil,delta,388,8402.0,44.0,8358.0,35.20061,0.016,2.2,0.0352
535,10000,100,200,India,delta,103,9196.0,44.0,9152.0,31.343763,0.016,2.2,0.0352
536,10000,100,200,India,delta,888,9009.0,48.0,8961.0,31.550287,0.016,2.2,0.0352
537,10000,100,200,India,delta,355,8583.0,41.0,8542.0,31.433918,0.016,2.2,0.0352
538,10000,100,200,Brazil,gamma,784,9246.0,58.0,9188.0,35.13273,0.016,2.05,0.032799999999999996
539,10000,100,200,South Africa,beta,581,7877.0,30.0,7847.0,29.73525,0.016,1.0,0.016
540,10000,100,200,Brazil,gamma,164,8949.0,65.0,8884.0,35.2118,0.016,2.05,0.032799999999999996
541,10000,100,200,Brazil,gamma,903,8280.0,39.0,8241.0,35.448536,0.016,2.05,0.032799999999999996
542,10000,100,200,Brazil,delta,342,9339.0,94.0,9245.0,35.090374,0.016,2.2,0.0352
543,10000,100,200,India,delta,449,9303.0,57.0,9246.0,30.912466,0.016,2.2,0.0352
544,10000,100,200,Brazil,gamma,224,8269.0,40.0,8229.0,35.61019,0.016,2.05,0.032799999999999996
545,10000,100,200,India,alpha,93,7914.0,28.0,7886.0,30.749868,0.016,1.67,0.02672
546,10000,100,200,Brazil,gamma,978,8183.0,36.0,8147.0,35.122864,0.016,2.05,0.032799999999999996
547,10000,100,200,Brazil,delta,353,8341.0,58.0,8283.0,35.036583,0.016,2.2,0.0352
548,10000,100,200,India,delta,365,8643.0,39.0,8604.0,31.300406,0.016,2.2,0.0352
549,10000,100,200,United Kingdom,beta,807,8543.0,105.0,8438.0,41.57334,0.016,1.0,0.016
550,10000,100,200,South Africa,beta,758,7984.0,17.0,7967.0,29.68385,0.016,1.0,0.016
551,10000,100,200,Brazil,delta,426,8271.0,28.0,8243.0,35.1823,0.016,2.2,0.0352
552,10000,100,200,Brazil,gamma,364,8445.0,54.0,8391.0,34.81463,0.016,2.05,0.032799999999999996
553,10000,100,200,India,alpha,287,8103.0,34.0,8069.0,31.232418,0.016,1.67,0.02672
554,10000,100,200,India,gamma,93,7914.0,28.0,7886.0,30.749868,0.016,2.05,0.032799999999999996
555,10000,100,200,United Kingdom,delta,896,8553.0,105.0,8448.0,40.92478,0.016,2.2,0.0352
556,10000,100,200,South Africa,alpha,614,7779.0,23.0,7756.0,29.750324,0.016,1.67,0.02672
557,10000,100,200,South Africa,beta,849,7624.0,23.0,7601.0,29.88224,0.016,1.0,0.016
558,10000,100,200,South Africa,delta,244,7663.0,20.0,7643.0,29.342478,0.016,2.2,0.0352
559,10000,100,200,United Kingdom,beta,431,8649.0,94.0,8555.0,41.272118,0.016,1.0,0.016
560,10000,100,200,India,gamma,811,7987.0,20.0,7967.0,31.20219,0.016,2.05,0.032799999999999996
561,10000,100,200,Brazil,gamma,595,8227.0,41.0,8186.0,34.93259,0.016,2.05,0.032799999999999996
562,10000,100,200,Brazil,gamma,362,8352.0,40.0,8312.0,34.952026,0.016,2.05,0.032799999999999996
563,10000,100,200,United Kingdom,alpha,633,8671.0,94.0,8577.0,41.383224,0.016,1.67,0.02672
564,10000,100,200,India,delta,961,7922.0,32.0,7890.0,31.070347,0.016,2.2,0.0352
565,10000,100,200,United Kingdom,alpha,300,8965.0,109.0,8856.0,41.534565,0.016,1.67,0.02672
566,10000,100,200,Brazil,gamma,153,9085.0,52.0,9033.0,34.887257,0.016,2.05,0.032799999999999996
567,10000,100,200,South Africa,beta,209,7702.0,23.0,7679.0,29.232397,0.016,1.0,0.016
568,10000,100,200,Brazil,gamma,439,8250.0,28.0,8222.0,35.080856,0.016,2.05,0.032799999999999996
569,10000,100,200,United Kingdom,beta,842,8647.0,83.0,8564.0,41.56403,0.016,1.0,0.016
570,10000,100,200,India,delta,926,7917.0,33.0,7884.0,31.674866,0.016,2.2,0.0352
571,10000,100,200,India,delta,111,9348.0,54.0,9294.0,31.194912,0.016,2.2,0.0352
572,10000,100,200,South Africa,beta,956,7853.0,19.0,7834.0,29.799446,0.016,1.0,0.016
573,10000,100,200,South Africa,beta,712,7750.0,19.0,7731.0,29.847609,0.016,1.0,0.016
574,10000,100,200,Brazil,gamma,256,8228.0,46.0,8182.0,35.356735,0.016,2.05,0.032799999999999996
575,10000,100,200,India,alpha,800,7936.0,22.0,7914.0,30.940157,0.016,1.67,0.02672
576,10000,100,200,Brazil,gamma,346,8836.0,53.0,8783.0,35.049732,0.016,2.05,0.032799999999999996
577,10000,100,200,India,delta,737,8254.0,30.0,8224.0,30.799356,0.016,2.2,0.0352
578,10000,100,200,South Africa,beta,302,7851.0,29.0,7822.0,29.864737,0.016,1.0,0.016
579,10000,100,200,South Africa,beta,444,7763.0,17.0,7746.0,29.741621,0.016,1.0,0.016
580,10000,100,200,South Africa,beta,1000,7751.0,13.0,7738.0,29.483088,0.016,1.0,0.016
581,10000,100,200,India,delta,150,8872.0,43.0,8829.0,31.072874,0.016,2.2,0.0352
582,10000,100,200,South Africa,beta,458,7769.0,19.0,7750.0,30.02225,0.016,1.0,0.016
583,10000,100,200,United Kingdom,alpha,875,8712.0,105.0,8607.0,41.7908,0.016,1.67,0.02672
584,10000,100,200,Brazil,gamma,43,9084.0,65.0,9019.0,35.11393,0.016,2.05,0.032799999999999996
585,10000,100,200,India,delta,150,8872.0,43.0,8829.0,31.072874,0.016,2.2,0.0352
586,10000,100,200,United Kingdom,alpha,663,8763.0,89.0,8674.0,41.523994,0.016,1.67,0.02672
587,10000,100,200,Brazil,delta,405,8285.0,42.0,8243.0,34.92228,0.016,2.2,0.0352
588,10000,100,200,United Kingdom,alpha,915,8515.0,103.0,8412.0,40.9343,0.016,1.67,0.02672
589,10000,100,200,South Africa,beta,476,7941.0,19.0,7922.0,29.985434,0.016,1.0,0.016
590,10000,100,200,India,delta,105,9032.0,57.0,8975.0,31.146944,0.016,2.2,0.0352
591,10000,100,200,South Africa,beta,563,7913.0,24.0,7889.0,29.683153,0.016,1.0,0.016
592,10000,100,200,South Africa,gamma,595,7785.0,16.0,7769.0,29.610321,0.016,2.05,0.032799999999999996
593,10000,100,200,United Kingdom,alpha,155,8548.0,93.0,8455.0,41.57057,0.016,1.67,0.02672
594,10000,100,200,India,delta,239,8095.0,26.0,8069.0,31.51424,0.016,2.2,0.0352
595,10000,100,200,United Kingdom,alpha,477,8834.0,112.0,8722.0,41.57794,0.016,1.67,0.02672
596,10000,100,200,Brazil,gamma,845,9185.0,75.0,9110.0,34.815804,0.016,2.05,0.032799999999999996
597,10000,100,200,United Kingdom,alpha,378,8757.0,100.0,8657.0,41.186836,0.016,1.67,0.02672
598,10000,100,200,United Kingdom,alpha,994,8644.0,92.0,8552.0,41.202362,0.016,1.67,0.02672
599,10000,100,200,India,delta,352,9160.0,41.0,9119.0,30.757437,0.016,2.2,0.0352
600,10000,100,200,United Kingdom,delta,690,9416.0,177.0,9239.0,41.71964,0.016,2.2,0.0352
601,10000,100,200,South Africa,beta,702,7722.0,24.0,7698.0,29.868074,0.016,1.0,0.016
602,10000,100,200,Brazil,gamma,416,8929.0,64.0,8865.0,35.22381,0.016,2.05,0.032799999999999996
603,10000,100,200,India,alpha,759,8327.0,29.0,8298.0,30.760965,0.016,1.67,0.02672
604,10000,100,200,United Kingdom,alpha,317,8683.0,106.0,8577.0,41.460003,0.016,1.67,0.02672
605,10000,100,200,Brazil,gamma,492,8910.0,56.0,8854.0,35.460915,0.016,2.05,0.032799999999999996
606,10000,100,200,United Kingdom,alpha,168,8619.0,83.0,8536.0,41.442177,0.016,1.67,0.02672
607,10000,100,200,United Kingdom,alpha,527,8430.0,87.0,8343.0,41.17551,0.016,1.67,0.02672
608,10000,100,200,South Africa,beta,383,7852.0,21.0,7831.0,29.869837,0.016,1.0,0.016
609,10000,100,200,Brazil,gamma,728,8975.0,56.0,8919.0,35.10334,0.016,2.05,0.032799999999999996
610,10000,100,200,Brazil,gamma,958,9053.0,71.0,8982.0,35.57644,0.016,2.05,0.032799999999999996
611,10000,100,200,Brazil,gamma,90,9160.0,59.0,9101.0,35.173958,0.016,2.05,0.032799999999999996
612,10000,100,200,Brazil,delta,388,8402.0,44.0,8358.0,35.20061,0.016,2.2,0.0352
613,10000,100,200,United Kingdom,alpha,987,8935.0,109.0,8826.0,41.350636,0.016,1.67,0.02672
614,10000,100,200,South Africa,beta,675,7849.0,24.0,7825.0,29.6895,0.016,1.0,0.016
615,10000,100,200,South Africa,beta,371,7861.0,28.0,7833.0,29.931969,0.016,1.0,0.016
616,10000,100,200,India,delta,719,8051.0,32.0,8019.0,31.078869,0.016,2.2,0.0352
617,10000,100,200,South Africa,beta,308,7837.0,24.0,7813.0,29.52395,0.016,1.0,0.016
618,10000,100,200,Brazil,delta,4,8250.0,38.0,8212.0,35.126717,0.016,2.2,0.0352
619,10000,100,200,India,delta,663,7894.0,25.0,7869.0,31.305529,0.016,2.2,0.0352
620,10000,100,200,United Kingdom,alpha,881,8791.0,94.0,8697.0,41.35693,0.016,1.67,0.02672
621,10000,100,200,United Kingdom,alpha,959,8643.0,82.0,8561.0,41.470573,0.016,1.67,0.02672
622,10000,100,200,India,delta,60,7958.0,25.0,7933.0,31.355288,0.016,2.2,0.0352
623,10000,100,200,Brazil,beta,18,8125.0,29.0,8096.0,35.03085,0.016,1.0,0.016
624,10000,100,200,United Kingdom,alpha,550,8511.0,95.0,8416.0,41.28742,0.016,1.67,0.02672
625,10000,100,200,Brazil,alpha,872,8414.0,38.0,8376.0,35.0238,0.016,1.67,0.02672
626,10000,100,200,Brazil,alpha,867,8873.0,45.0,8828.0,34.87102,0.016,1.67,0.02672
627,10000,100,200,South Africa,beta,684,7859.0,21.0,7838.0,29.752075,0.016,1.0,0.016
628,10000,100,200,South Africa,beta,330,7763.0,29.0,7734.0,29.789871,0.016,1.0,0.016
629,10000,100,200,India,beta,145,7957.0,27.0,7930.0,30.93635,0.016,1.0,0.016
630,10000,100,200,Brazil,gamma,444,8240.0,39.0,8201.0,35.166645,0.016,2.05,0.032799999999999996
631,10000,100,200,India,delta,847,8016.0,27.0,7989.0,31.416883,0.016,2.2,0.0352
632,10000,100,200,United Kingdom,alpha,576,8896.0,100.0,8796.0,41.897564,0.016,1.67,0.02672
633,10000,100,200,United Kingdom,beta,372,8495.0,103.0,8392.0,41.265514,0.016,1.0,0.016
634,10000,100,200,United Kingdom,alpha,972,8819.0,99.0,8720.0,40.9797,0.016,1.67,0.02672
635,10000,100,200,South Africa,beta,485,7736.0,26.0,7710.0,29.780413,0.016,1.0,0.016
636,10000,100,200,United Kingdom,alpha,860,8623.0,95.0,8528.0,41.757652,0.016,1.67,0.02672
637,10000,100,200,United Kingdom,alpha,427,8618.0,90.0,8528.0,41.27083,0.016,1.67,0.02672
638,10000,100,200,India,delta,658,8128.0,29.0,8099.0,31.28319,0.016,2.2,0.0352
639,10000,100,200,South Africa,alpha,747,7764.0,27.0,7737.0,29.414938,0.016,1.67,0.02672
640,10000,100,200,South Africa,beta,531,7784.0,26.0,7758.0,29.882425,0.016,1.0,0.016
641,10000,100,200,India,delta,983,7922.0,23.0,7899.0,30.958868,0.016,2.2,0.0352
642,10000,100,200,United Kingdom,alpha,702,8842.0,129.0,8713.0,41.491524,0.016,1.67,0.02672
643,10000,100,200,Brazil,gamma,724,9416.0,104.0,9312.0,35.25943,0.016,2.05,0.032799999999999996
644,10000,100,200,United Kingdom,beta,882,8715.0,93.0,8622.0,41.119064,0.016,1.0,0.016
645,10000,100,200,South Africa,beta,124,7947.0,25.0,7922.0,29.223347,0.016,1.0,0.016
646,10000,100,200,South Africa,beta,388,7891.0,22.0,7869.0,29.810644,0.016,1.0,0.016
647,10000,100,200,India,alpha,320,7953.0,24.0,7929.0,31.387613,0.016,1.67,0.02672
648,10000,100,200,Brazil,gamma,686,8302.0,42.0,8260.0,34.930805,0.016,2.05,0.032799999999999996
649,10000,100,200,Brazil,gamma,26,8710.0,38.0,8672.0,35.201473,0.016,2.05,0.032799999999999996
650,10000,100,200,South Africa,beta,664,7994.0,36.0,7958.0,29.627094,0.016,1.0,0.016
651,10000,100,200,India,delta,58,8069.0,23.0,8046.0,31.11491,0.016,2.2,0.0352
652,10000,100,200,Brazil,gamma,306,8756.0,55.0,8701.0,35.476517,0.016,2.05,0.032799999999999996
653,10000,100,200,India,delta,775,9207.0,47.0,9160.0,31.06504,0.016,2.2,0.0352
654,10000,100,200,Brazil,gamma,20,8309.0,41.0,8268.0,35.098305,0.016,2.05,0.032799999999999996
655,10000,100,200,India,delta,543,7910.0,28.0,7882.0,31.159353,0.016,2.2,0.0352
656,10000,100,200,Brazil,alpha,666,8286.0,39.0,8247.0,34.830425,0.016,1.67,0.02672
657,10000,100,200,Brazil,gamma,860,9120.0,82.0,9038.0,35.480537,0.016,2.05,0.032799999999999996
658,10000,100,200,South Africa,delta,494,7798.0,16.0,7782.0,29.425697,0.016,2.2,0.0352
659,10000,100,200,United Kingdom,alpha,180,8848.0,93.0,8755.0,41.289238,0.016,1.67,0.02672
660,10000,100,200,Brazil,delta,121,8453.0,45.0,8408.0,35.345295,0.016,2.2,0.0352
661,10000,100,200,United Kingdom,alpha,858,8816.0,87.0,8729.0,41.226963,0.016,1.67,0.02672
662,10000,100,200,India,delta,120,8180.0,26.0,8154.0,31.42957,0.016,2.2,0.0352
663,10000,100,200,Brazil,gamma,248,8246.0,34.0,8212.0,35.372536,0.016,2.05,0.032799999999999996
664,10000,100,200,India,delta,973,7912.0,32.0,7880.0,31.290155,0.016,2.2,0.0352
665,10000,100,200,Brazil,gamma,657,8179.0,40.0,8139.0,35.045746,0.016,2.05,0.032799999999999996
666,10000,100,200,South Africa,delta,303,8952.0,40.0,8912.0,29.698671,0.016,2.2,0.0352
667,10000,100,200,India,delta,657,7910.0,28.0,7882.0,31.02031,0.016,2.2,0.0352
668,10000,100,200,India,gamma,523,7854.0,24.0,7830.0,30.974428,0.016,2.05,0.032799999999999996
669,10000,100,200,United Kingdom,alpha,137,8640.0,96.0,8544.0,41.036655,0.016,1.67,0.02672
670,10000,100,200,India,delta,27,9087.0,56.0,9031.0,31.550869,0.016,2.2,0.0352
671,10000,100,200,United Kingdom,alpha,123,8847.0,100.0,8747.0,41.447395,0.016,1.67,0.02672
672,10000,100,200,India,delta,179,8372.0,34.0,8338.0,31.267597,0.016,2.2,0.0352
673,10000,100,200,Brazil,delta,29,9114.0,63.0,9051.0,35.21957,0.016,2.2,0.0352
674,10000,100,200,South Africa,beta,960,7798.0,26.0,7772.0,29.696106,0.016,1.0,0.016
675,10000,100,200,South Africa,alpha,274,8106.0,18.0,8088.0,29.403343,0.016,1.67,0.02672
676,10000,100,200,United Kingdom,alpha,197,8486.0,91.0,8395.0,41.23606,0.016,1.67,0.02672
677,10000,100,200,India,delta,451,7827.0,25.0,7802.0,30.89711,0.016,2.2,0.0352
678,10000,100,200,Brazil,gamma,318,9258.0,70.0,9188.0,35.237003,0.016,2.05,0.032799999999999996
679,10000,100,200,India,alpha,133,7912.0,36.0,7876.0,30.999287,0.016,1.67,0.02672
680,10000,100,200,Brazil,gamma,856,8263.0,34.0,8229.0,35.393745,0.016,2.05,0.032799999999999996
681,10000,100,200,South Africa,beta,274,7921.0,18.0,7903.0,29.403343,0.016,1.0,0.016
682,10000,100,200,Brazil,gamma,44,8422.0,50.0,8372.0,35.045715,0.016,2.05,0.032799999999999996
683,10000,100,200,South Africa,beta,627,7804.0,27.0,7777.0,29.781462,0.016,1.0,0.016
684,10000,100,200,India,delta,248,7891.0,35.0,7856.0,31.334156,0.016,2.2,0.0352
685,10000,100,200,India,delta,70,8547.0,32.0,8515.0,31.154076,0.016,2.2,0.0352
686,10000,100,200,Brazil,gamma,264,9466.0,66.0,9400.0,35.21366,0.016,2.05,0.032799999999999996
687,10000,100,200,India,delta,391,8840.0,44.0,8796.0,31.046377,0.016,2.2,0.0352
688,10000,100,200,Brazil,alpha,849,8165.0,39.0,8126.0,35.353428,0.016,1.67,0.02672
689,10000,100,200,South Africa,gamma,611,8703.0,34.0,8669.0,29.771353,0.016,2.05,0.032799999999999996
690,10000,100,200,South Africa,beta,301,7834.0,23.0,7811.0,30.258472,0.016,1.0,0.016
691,10000,100,200,Brazil,gamma,37,8366.0,35.0,8331.0,34.87041,0.016,2.05,0.032799999999999996
692,10000,100,200,South Africa,gamma,887,8482.0,19.0,8463.0,29.722725,0.016,2.05,0.032799999999999996
693,10000,100,200,Brazil,gamma,681,9177.0,59.0,9118.0,35.142414,0.016,2.05,0.032799999999999996
694,10000,100,200,India,delta,318,9355.0,55.0,9300.0,31.17277,0.016,2.2,0.0352
695,10000,100,200,India,delta,934,9139.0,45.0,9094.0,30.912397,0.016,2.2,0.0352
696,10000,100,200,South Africa,beta,42,7803.0,25.0,7778.0,30.11711,0.016,1.0,0.016
697,10000,100,200,India,delta,65,9369.0,66.0,9303.0,31.330782,0.016,2.2,0.0352
698,10000,100,200,India,delta,144,9241.0,47.0,9194.0,31.032343,0.016,2.2,0.0352
699,10000,100,200,Brazil,gamma,290,8213.0,33.0,8180.0,35.024555,0.016,2.05,0.032799999999999996
700,10000,100,200,India,gamma,355,8022.0,35.0,7987.0,31.433918,0.016,2.05,0.032799999999999996
701,10000,100,200,United Kingdom,alpha,231,8643.0,102.0,8541.0,41.016346,0.016,1.67,0.02672
702,10000,100,200,United Kingdom,alpha,439,8533.0,86.0,8447.0,41.270416,0.016,1.67,0.02672
703,10000,100,200,Brazil,gamma,998,9143.0,52.0,9091.0,34.85472,0.016,2.05,0.032799999999999996
704,10000,100,200,South Africa,beta,158,8083.0,13.0,8070.0,30.005615,0.016,1.0,0.016
705,10000,100,200,United Kingdom,alpha,115,8589.0,109.0,8480.0,41.35555,0.016,1.67,0.02672
706,10000,100,200,Brazil,gamma,584,8167.0,36.0,8131.0,35.2143,0.016,2.05,0.032799999999999996
707,10000,100,200,United Kingdom,beta,490,8547.0,96.0,8451.0,41.49512,0.016,1.0,0.016
708,10000,100,200,South Africa,beta,41,7661.0,19.0,7642.0,29.415518,0.016,1.0,0.016
709,10000,100,200,United Kingdom,alpha,953,8583.0,120.0,8463.0,41.6153,0.016,1.67,0.02672
710,10000,100,200,Brazil,gamma,166,8651.0,43.0,8608.0,34.96139,0.016,2.05,0.032799999999999996
711,10000,100,200,United Kingdom,alpha,853,8486.0,91.0,8395.0,41.310093,0.016,1.67,0.02672
712,10000,100,200,United Kingdom,alpha,894,8536.0,74.0,8462.0,41.356564,0.016,1.67,0.02672
713,10000,100,200,India,alpha,69,7941.0,19.0,7922.0,31.111147,0.016,1.67,0.02672
714,10000,100,200,Brazil,gamma,642,8284.0,37.0,8247.0,35.05095,0.016,2.05,0.032799999999999996
715,10000,100,200,South Africa,beta,477,7951.0,24.0,7927.0,29.928448,0.016,1.0,0.016
716,10000,100,200,United Kingdom,alpha,587,8893.0,103.0,8790.0,41.37788,0.016,1.67,0.02672
717,10000,100,200,India,delta,928,7873.0,18.0,7855.0,31.165684,0.016,2.2,0.0352
718,10000,100,200,South Africa,delta,331,8630.0,23.0,8607.0,29.412775,0.016,2.2,0.0352
719,10000,100,200,India,delta,789,9034.0,39.0,8995.0,31.130066,0.016,2.2,0.0352
720,10000,100,200,Brazil,gamma,81,8248.0,27.0,8221.0,34.613205,0.016,2.05,0.032799999999999996
721,10000,100,200,Brazil,beta,978,8183.0,36.0,8147.0,35.122864,0.016,1.0,0.016
722,10000,100,200,South Africa,beta,656,7870.0,18.0,7852.0,29.974468,0.016,1.0,0.016
723,10000,100,200,India,beta,667,7974.0,28.0,7946.0,31.254353,0.016,1.0,0.016
724,10000,100,200,Brazil,beta,160,8216.0,42.0,8174.0,35.21871,0.016,1.0,0.016
725,10000,100,200,Brazil,gamma,183,8488.0,49.0,8439.0,34.930893,0.016,2.05,0.032799999999999996
726,10000,100,200,United Kingdom,gamma,570,8616.0,101.0,8515.0,41.26862,0.016,2.05,0.032799999999999996
727,10000,100,200,United Kingdom,alpha,305,8603.0,85.0,8518.0,41.33979,0.016,1.67,0.02672
728,10000,100,200,India,delta,177,8013.0,20.0,7993.0,31.137932,0.016,2.2,0.0352
729,10000,100,200,United Kingdom,alpha,953,8583.0,120.0,8463.0,41.6153,0.016,1.67,0.02672
730,10000,100,200,India,delta,441,8044.0,26.0,8018.0,31.043272,0.016,2.2,0.0352
731,10000,100,200,South Africa,beta,471,7883.0,19.0,7864.0,29.822681,0.016,1.0,0.016
732,10000,100,200,India,delta,476,8148.0,18.0,8130.0,31.409348,0.016,2.2,0.0352
733,10000,100,200,United Kingdom,beta,644,8460.0,75.0,8385.0,40.892418,0.016,1.0,0.016
734,10000,100,200,South Africa,beta,88,7905.0,21.0,7884.0,29.864622,0.016,1.0,0.016
735,10000,100,200,United Kingdom,alpha,401,8902.0,89.0,8813.0,41.93709,0.016,1.67,0.02672
736,10000,100,200,United Kingdom,alpha,894,8536.0,74.0,8462.0,41.356564,0.016,1.67,0.02672
737,10000,100,200,South Africa,delta,421,8308.0,17.0,8291.0,29.776869,0.016,2.2,0.0352
738,10000,100,200,Brazil,alpha,545,8212.0,46.0,8166.0,34.9953,0.016,1.67,0.02672
739,10000,100,200,Brazil,alpha,864,8373.0,43.0,8330.0,34.987644,0.016,1.67,0.02672
740,10000,100,200,Brazil,gamma,913,8265.0,38.0,8227.0,35.21931,0.016,2.05,0.032799999999999996
741,10000,100,200,United Kingdom,alpha,719,8635.0,82.0,8553.0,41.318893,0.016,1.67,0.02672
742,10000,100,200,South Africa,beta,642,7774.0,20.0,7754.0,29.562843,0.016,1.0,0.016
743,10000,100,200,South Africa,gamma,437,8771.0,22.0,8749.0,29.776491,0.016,2.05,0.032799999999999996
744,10000,100,200,India,delta,95,7918.0,32.0,7886.0,31.227076,0.016,2.2,0.0352
745,10000,100,200,Brazil,gamma,451,8150.0,34.0,8116.0,34.90586,0.016,2.05,0.032799999999999996
746,10000,100,200,Brazil,delta,921,9302.0,90.0,9212.0,34.944138,0.016,2.2,0.0352
747,10000,100,200,South Africa,beta,711,7829.0,21.0,7808.0,29.704079,0.016,1.0,0.016
748,10000,100,200,South Africa,gamma,350,7882.0,16.0,7866.0,29.791819,0.016,2.05,0.032799999999999996
749,10000,100,200,India,delta,37,8700.0,30.0,8670.0,30.878681,0.016,2.2,0.0352
750,10000,100,200,United Kingdom,alpha,632,8608.0,87.0,8521.0,41.447903,0.016,1.67,0.02672
751,10000,100,200,India,delta,695,8999.0,42.0,8957.0,31.217375,0.016,2.2,0.0352
752,10000,100,200,India,delta,393,7951.0,21.0,7930.0,31.138296,0.016,2.2,0.0352
753,10000,100,200,Brazil,gamma,180,8269.0,48.0,8221.0,35.1402,0.016,2.05,0.032799999999999996
754,10000,100,200,South Africa,beta,35,7854.0,27.0,7827.0,29.695347,0.016,1.0,0.016
755,10000,100,200,South Africa,beta,304,7853.0,20.0,7833.0,29.900188,0.016,1.0,0.016
756,10000,100,200,Brazil,delta,521,8280.0,45.0,8235.0,35.30913,0.016,2.2,0.0352
757,10000,100,200,United Kingdom,alpha,788,8654.0,95.0,8559.0,41.214867,0.016,1.67,0.02672
758,10000,100,200,United Kingdom,alpha,269,8633.0,84.0,8549.0,41.428967,0.016,1.67,0.02672
759,10000,100,200,South Africa,beta,345,7824.0,13.0,7811.0,29.762478,0.016,1.0,0.016
760,10000,100,200,South Africa,delta,751,9041.0,33.0,9008.0,29.551647,0.016,2.2,0.0352
761,10000,100,200,United Kingdom,alpha,341,8533.0,97.0,8436.0,41.03638,0.016,1.67,0.02672
762,10000,100,200,India,delta,68,7752.0,26.0,7726.0,30.994387,0.016,2.2,0.0352
763,10000,100,200,Brazil,gamma,827,8284.0,41.0,8243.0,35.254475,0.016,2.05,0.032799999999999996
764,10000,100,200,India,beta,148,7880.0,18.0,7862.0,30.790663,0.016,1.0,0.016
765,10000,100,200,United Kingdom,alpha,576,8896.0,100.0,8796.0,41.897564,0.016,1.67,0.02672
766,10000,100,200,United Kingdom,alpha,387,8739.0,105.0,8634.0,41.264324,0.016,1.67,0.02672
767,10000,100,200,South Africa,alpha,887,8035.0,21.0,8014.0,29.722725,0.016,1.67,0.02672
768,10000,100,200,South Africa,beta,776,7819.0,21.0,7798.0,29.836363,0.016,1.0,0.016
769,10000,100,200,South Africa,beta,45,7897.0,31.0,7866.0,29.837107,0.016,1.0,0.016
770,10000,100,200,India,beta,524,7899.0,36.0,7863.0,30.926672,0.016,1.0,0.016
771,10000,100,200,United Kingdom,alpha,361,8758.0,88.0,8670.0,41.379498,0.016,1.67,0.02672
772,10000,100,200,Brazil,gamma,983,8274.0,43.0,8231.0,34.975178,0.016,2.05,0.032799999999999996
773,10000,100,200,Brazil,gamma,624,8211.0,42.0,8169.0,35.17539,0.016,2.05,0.032799999999999996
774,10000,100,200,India,beta,253,8044.0,31.0,8013.0,31.201612,0.016,1.0,0.016
775,10000,100,200,South Africa,beta,214,7802.0,13.0,7789.0,29.944447,0.016,1.0,0.016
776,10000,100,200,India,delta,828,8076.0,32.0,8044.0,31.140238,0.016,2.2,0.0352
777,10000,100,200,United Kingdom,alpha,509,8611.0,100.0,8511.0,41.194817,0.016,1.67,0.02672
778,10000,100,200,United Kingdom,alpha,599,8588.0,92.0,8496.0,41.280304,0.016,1.67,0.02672
779,10000,100,200,Brazil,alpha,360,8894.0,55.0,8839.0,35.333042,0.016,1.67,0.02672
780,10000,100,200,United Kingdom,alpha,994,8644.0,92.0,8552.0,41.202362,0.016,1.67,0.02672
781,10000,100,200,United Kingdom,alpha,440,8649.0,94.0,8555.0,41.49898,0.016,1.67,0.02672
782,10000,100,200,Brazil,gamma,954,8933.0,57.0,8876.0,35.065544,0.016,2.05,0.032799999999999996
783,10000,100,200,Brazil,gamma,23,8271.0,34.0,8237.0,35.165737,0.016,2.05,0.032799999999999996
784,10000,100,200,United Kingdom,alpha,845,8894.0,106.0,8788.0,41.015316,0.016,1.67,0.02672
785,10000,100,200,United Kingdom,alpha,812,8472.0,92.0,8380.0,41.379,0.016,1.67,0.02672
786,10000,100,200,Brazil,delta,964,8248.0,37.0,8211.0,34.897617,0.016,2.2,0.0352
787,10000,100,200,Brazil,alpha,364,8484.0,59.0,8425.0,34.81463,0.016,1.67,0.02672
788,10000,100,200,United Kingdom,gamma,379,8752.0,99.0,8653.0,41.445774,0.016,2.05,0.032799999999999996
789,10000,100,200,United Kingdom,gamma,419,8705.0,91.0,8614.0,41.681965,0.016,2.05,0.032799999999999996
790,10000,100,200,South Africa,beta,107,7835.0,20.0,7815.0,29.482597,0.016,1.0,0.016
791,10000,100,200,Brazil,gamma,740,8431.0,37.0,8394.0,34.972725,0.016,2.05,0.032799999999999996
792,10000,100,200,India,delta,630,8650.0,40.0,8610.0,31.060543,0.016,2.2,0.0352
793,10000,100,200,South Africa,beta,549,7824.0,22.0,7802.0,29.914303,0.016,1.0,0.016
794,10000,100,200,South Africa,beta,373,7704.0,26.0,7678.0,29.41651,0.016,1.0,0.016
795,10000,100,200,United Kingdom,alpha,265,8534.0,97.0,8437.0,41.64333,0.016,1.67,0.02672
796,10000,100,200,United Kingdom,delta,174,9135.0,132.0,9003.0,41.287243,0.016,2.2,0.0352
797,10000,100,200,United Kingdom,delta,653,9634.0,207.0,9427.0,40.95923,0.016,2.2,0.0352
798,10000,100,200,India,alpha,785,8025.0,26.0,7999.0,31.106016,0.016,1.67,0.02672
799,10000,100,200,United Kingdom,alpha,177,8661.0,89.0,8572.0,41.37862,0.016,1.67,0.02672
800,10000,100,200,India,delta,291,7970.0,23.0,7947.0,31.165113,0.016,2.2,0.0352
801,10000,100,200,Brazil,gamma,716,8661.0,44.0,8617.0,35.084713,0.016,2.05,0.032799999999999996
802,10000,100,200,South Africa,alpha,217,8234.0,23.0,8211.0,29.901518,0.016,1.67,0.02672
803,10000,100,200,Brazil,gamma,184,8707.0,48.0,8659.0,34.726017,0.016,2.05,0.032799999999999996
804,10000,100,200,United Kingdom,alpha,174,8611.0,95.0,8516.0,41.287243,0.016,1.67,0.02672
805,10000,100,200,Brazil,gamma,643,9216.0,76.0,9140.0,35.381474,0.016,2.05,0.032799999999999996
806,10000,100,200,South Africa,beta,867,7808.0,16.0,7792.0,29.51778,0.016,1.0,0.016
807,10000,100,200,South Africa,beta,589,7791.0,26.0,7765.0,29.573694,0.016,1.0,0.016
808,10000,100,200,South Africa,beta,71,7743.0,18.0,7725.0,30.058979,0.016,1.0,0.016
809,10000,100,200,United Kingdom,alpha,241,8659.0,91.0,8568.0,40.882195,0.016,1.67,0.02672
810,10000,100,200,United Kingdom,alpha,440,8649.0,94.0,8555.0,41.49898,0.016,1.67,0.02672
811,10000,100,200,South Africa,beta,146,7750.0,22.0,7728.0,29.473793,0.016,1.0,0.016
812,10000,100,200,United Kingdom,alpha,510,8930.0,97.0,8833.0,41.550194,0.016,1.67,0.02672
813,10000,100,200,India,delta,305,8010.0,35.0,7975.0,31.130095,0.016,2.2,0.0352
814,10000,100,200,Brazil,gamma,857,8348.0,40.0,8308.0,35.2295,0.016,2.05,0.032799999999999996
815,10000,100,200,South Africa,beta,339,7947.0,20.0,7927.0,29.620844,0.016,1.0,0.016
816,10000,100,200,United Kingdom,beta,494,8576.0,92.0,8484.0,40.972908,0.016,1.0,0.016
817,10000,100,200,India,delta,662,8518.0,35.0,8480.0,31.070047,0.016,2.2,0.0352
818,10000,100,200,South Africa,beta,146,7750.0,22.0,7728.0,29.473793,0.016,1.0,0.016
819,10000,100,200,Brazil,gamma,406,8142.0,42.0,8100.0,34.918983,0.016,2.05,0.032799999999999996
820,10000,100,200,India,delta,128,8077.0,24.0,8053.0,31.04635,0.016,2.2,0.0352
821,10000,100,200,India,delta,274,9155.0,39.0,9116.0,30.843647,0.016,2.2,0.0352
822,10000,100,200,United Kingdom,alpha,469,9032.0,93.0,8939.0,41.540176,0.016,1.67,0.02672
823,10000,100,200,Brazil,gamma,696,8282.0,42.0,8240.0,35.16403,0.016,2.05,0.032799999999999996
824,10000,100,200,United Kingdom,alpha,786,8855.0,96.0,8759.0,41.09797,0.016,1.67,0.02672
825,10000,100,200,India,delta,614,9177.0,54.0,9123.0,31.161526,0.016,2.2,0.0352
826,10000,100,200,United Kingdom,beta,46,8480.0,90.0,8390.0,41.227936,0.016,1.0,0.016
827,10000,100,200,Brazil,gamma,938,8378.0,40.0,8338.0,35.30912,0.016,2.05,0.032799999999999996
828,10000,100,200,India,delta,726,8955.0,47.0,8908.0,31.024363,0.016,2.2,0.0352
829,10000,100,200,India,delta,860,8561.0,36.0,8525.0,31.46035,0.016,2.2,0.0352
830,10000,100,200,South Africa,beta,235,7927.0,21.0,7906.0,30.069807,0.016,1.0,0.016
831,10000,100,200,Brazil,beta,719,8383.0,39.0,8344.0,35.124226,0.016,1.0,0.016
832,10000,100,200,United Kingdom,alpha,12,8869.0,104.0,8765.0,41.589443,0.016,1.67,0.02672
833,10000,100,200,United Kingdom,alpha,648,8838.0,92.0,8746.0,41.306313,0.016,1.67,0.02672
834,10000,100,200,Brazil,delta,777,8213.0,43.0,8170.0,34.999382,0.016,2.2,0.0352
835,10000,100,200,India,delta,293,8049.0,24.0,8025.0,31.212263,0.016,2.2,0.0352
836,10000,100,200,Brazil,gamma,31,8345.0,45.0,8300.0,35.290047,0.016,2.05,0.032799999999999996
837,10000,100,200,South Africa,beta,84,7818.0,20.0,7798.0,29.8571,0.016,1.0,0.016
838,10000,100,200,India,delta,611,9097.0,38.0,9059.0,31.182375,0.016,2.2,0.0352
839,10000,100,200,South Africa,beta,781,7858.0,21.0,7837.0,29.683828,0.016,1.0,0.016
840,10000,100,200,United Kingdom,alpha,503,8704.0,98.0,8606.0,40.92847,0.016,1.67,0.02672
841,10000,100,200,United Kingdom,gamma,997,8562.0,83.0,8479.0,41.579613,0.016,2.05,0.032799999999999996
842,10000,100,200,India,delta,440,8053.0,26.0,8027.0,31.293713,0.016,2.2,0.0352
843,10000,100,200,India,delta,637,7945.0,25.0,7920.0,31.278881,0.016,2.2,0.0352
844,10000,100,200,United Kingdom,alpha,789,8720.0,75.0,8645.0,41.326027,0.016,1.67,0.02672
845,10000,100,200,United Kingdom,gamma,445,8969.0,130.0,8839.0,41.23701,0.016,2.05,0.032799999999999996
846,10000,100,200,United Kingdom,alpha,274,8916.0,87.0,8829.0,41.045326,0.016,1.67,0.02672
847,10000,100,200,South Africa,beta,785,7797.0,22.0,7775.0,29.684378,0.016,1.0,0.016
848,10000,100,200,United Kingdom,alpha,562,8610.0,77.0,8533.0,41.061703,0.016,1.67,0.02672
849,10000,100,200,Brazil,alpha,857,8348.0,40.0,8308.0,35.2295,0.016,1.67,0.02672
850,10000,100,200,Brazil,gamma,78,8669.0,51.0,8618.0,34.971016,0.016,2.05,0.032799999999999996
851,10000,100,200,Brazil,gamma,728,8975.0,56.0,8919.0,35.10334,0.016,2.05,0.032799999999999996
852,10000,100,200,Brazil,gamma,452,8312.0,50.0,8262.0,35.1717,0.016,2.05,0.032799999999999996
853,10000,100,200,Brazil,gamma,271,8305.0,58.0,8247.0,34.893948,0.016,2.05,0.032799999999999996
854,10000,100,200,United Kingdom,alpha,842,8882.0,110.0,8772.0,41.56403,0.016,1.67,0.02672
855,10000,100,200,Brazil,gamma,643,9216.0,76.0,9140.0,35.381474,0.016,2.05,0.032799999999999996
856,10000,100,200,Brazil,gamma,43,9084.0,65.0,9019.0,35.11393,0.016,2.05,0.032799999999999996
857,10000,100,200,India,delta,410,8921.0,39.0,8882.0,31.45711,0.016,2.2,0.0352
858,10000,100,200,India,gamma,647,8024.0,24.0,8000.0,31.078188,0.016,2.05,0.032799999999999996
859,10000,100,200,India,gamma,299,7839.0,23.0,7816.0,31.262957,0.016,2.05,0.032799999999999996
860,10000,100,200,Brazil,beta,29,8279.0,51.0,8228.0,35.21957,0.016,1.0,0.016
861,10000,100,200,Brazil,gamma,245,8900.0,66.0,8834.0,34.820545,0.016,2.05,0.032799999999999996
862,10000,100,200,United Kingdom,alpha,200,8708.0,101.0,8607.0,41.707645,0.016,1.67,0.02672
863,10000,100,200,United Kingdom,alpha,838,8712.0,103.0,8609.0,41.208096,0.016,1.67,0.02672
864,10000,100,200,Brazil,gamma,764,9226.0,92.0,9134.0,35.359695,0.016,2.05,0.032799999999999996
865,10000,100,200,United Kingdom,delta,411,8555.0,89.0,8466.0,41.42908,0.016,2.2,0.0352
866,10000,100,200,United Kingdom,alpha,72,8685.0,110.0,8575.0,41.911156,0.016,1.67,0.02672
867,10000,100,200,India,delta,142,8168.0,15.0,8153.0,30.832037,0.016,2.2,0.0352
868,10000,100,200,India,delta,82,9260.0,44.0,9216.0,31.151638,0.016,2.2,0.0352
869,10000,100,200,South Africa,gamma,230,7774.0,21.0,7753.0,29.936527,0.016,2.05,0.032799999999999996
870,10000,100,200,United Kingdom,delta,844,8972.0,106.0,8866.0,41.08548,0.016,2.2,0.0352
871,10000,100,200,South Africa,beta,773,7859.0,19.0,7840.0,29.64184,0.016,1.0,0.016
872,10000,100,200,Brazil,alpha,55,8303.0,43.0,8260.0,35.28615,0.016,1.67,0.02672
873,10000,100,200,United Kingdom,alpha,103,8927.0,95.0,8832.0,41.558716,0.016,1.67,0.02672
874,10000,100,200,Brazil,gamma,528,8888.0,54.0,8834.0,34.864136,0.016,2.05,0.032799999999999996
875,10000,100,200,United Kingdom,alpha,799,8592.0,98.0,8494.0,41.142593,0.016,1.67,0.02672
876,10000,100,200,India,alpha,971,8066.0,26.0,8040.0,31.394613,0.016,1.67,0.02672
877,10000,100,200,United Kingdom,alpha,669,8617.0,73.0,8544.0,41.742847,0.016,1.67,0.02672
878,10000,100,200,Brazil,gamma,381,8330.0,50.0,8280.0,35.199318,0.016,2.05,0.032799999999999996
879,10000,100,200,South Africa,beta,782,7933.0,16.0,7917.0,29.952625,0.016,1.0,0.016
880,10000,100,200,Brazil,gamma,612,9312.0,78.0,9234.0,35.296303,0.016,2.05,0.032799999999999996
881,10000,100,200,Brazil,beta,708,8182.0,39.0,8143.0,35.0481,0.016,1.0,0.016
882,10000,100,200,India,delta,75,8052.0,28.0,8024.0,31.374613,0.016,2.2,0.0352
883,10000,100,200,Brazil,gamma,370,8400.0,36.0,8364.0,35.071236,0.016,2.05,0.032799999999999996
884,10000,100,200,United Kingdom,beta,540,8637.0,85.0,8552.0,41.496174,0.016,1.0,0.016
885,10000,100,200,United Kingdom,alpha,508,8692.0,101.0,8591.0,41.549225,0.016,1.67,0.02672
886,10000,100,200,South Africa,gamma,58,7922.0,22.0,7900.0,29.754316,0.016,2.05,0.032799999999999996
887,10000,100,200,United Kingdom,alpha,1000,8510.0,96.0,8414.0,41.007614,0.016,1.67,0.02672
888,10000,100,200,United Kingdom,alpha,401,8902.0,89.0,8813.0,41.93709,0.016,1.67,0.02672
889,10000,100,200,South Africa,beta,355,7824.0,19.0,7805.0,29.99094,0.016,1.0,0.016
890,10000,100,200,South Africa,gamma,156,7873.0,19.0,7854.0,29.595198,0.016,2.05,0.032799999999999996
891,10000,100,200,Brazil,gamma,963,9338.0,66.0,9272.0,34.902756,0.016,2.05,0.032799999999999996
892,10000,100,200,Brazil,gamma,345,8259.0,36.0,8223.0,35.167114,0.016,2.05,0.032799999999999996
893,10000,100,200,South Africa,delta,615,9013.0,41.0,8972.0,29.475922,0.016,2.2,0.0352
894,10000,100,200,Brazil,gamma,896,8262.0,56.0,8206.0,34.736458,0.016,2.05,0.032799999999999996
895,10000,100,200,South Africa,beta,380,7736.0,16.0,7720.0,29.430132,0.016,1.0,0.016
896,10000,100,200,India,delta,98,8814.0,27.0,8787.0,31.068598,0.016,2.2,0.0352
897,10000,100,200,Brazil,gamma,33,8232.0,45.0,8187.0,34.879242,0.016,2.05,0.032799999999999996
898,10000,100,200,South Africa,delta,918,8435.0,33.0,8402.0,29.747406,0.016,2.2,0.0352
899,10000,100,200,India,delta,18,8224.0,30.0,8194.0,31.068644,0.016,2.2,0.0352
900,10000,100,200,South Africa,beta,683,7798.0,27.0,7771.0,29.91109,0.016,1.0,0.016
901,10000,100,200,South Africa,beta,869,7876.0,25.0,7851.0,29.61637,0.016,1.0,0.016
902,10000,100,200,United Kingdom,beta,72,8683.0,107.0,8576.0,41.911156,0.016,1.0,0.016
903,10000,100,200,South Africa,beta,15,7997.0,18.0,7979.0,29.764713,0.016,1.0,0.016
904,10000,100,200,South Africa,beta,127,7900.0,27.0,7873.0,29.951725,0.016,1.0,0.016
905,10000,100,200,South Africa,beta,555,7884.0,28.0,7856.0,29.72692,0.016,1.0,0.016
906,10000,100,200,Brazil,gamma,866,8943.0,52.0,8891.0,35.199753,0.016,2.05,0.032799999999999996
907,10000,100,200,Brazil,gamma,393,8277.0,37.0,8240.0,35.136753,0.016,2.05,0.032799999999999996
908,10000,100,200,South Africa,beta,737,7745.0,18.0,7727.0,29.421291,0.016,1.0,0.016
909,10000,100,200,United Kingdom,alpha,180,8848.0,93.0,8755.0,41.289238,0.016,1.67,0.02672
910,10000,100,200,Brazil,gamma,256,8228.0,46.0,8182.0,35.356735,0.016,2.05,0.032799999999999996
911,10000,100,200,United Kingdom,gamma,683,9536.0,173.0,9363.0,41.66112,0.016,2.05,0.032799999999999996
912,10000,100,200,Brazil,gamma,321,8633.0,48.0,8585.0,34.857307,0.016,2.05,0.032799999999999996
913,10000,100,200,South Africa,beta,59,7770.0,24.0,7746.0,29.759737,0.016,1.0,0.016
914,10000,100,200,Brazil,gamma,536,8210.0,35.0,8175.0,34.92037,0.016,2.05,0.032799999999999996
915,10000,100,200,South Africa,alpha,743,7779.0,19.0,7760.0,29.822603,0.016,1.67,0.02672
916,10000,100,200,India,delta,865,7941.0,23.0,7918.0,31.217281,0.016,2.2,0.0352
917,10000,100,200,United Kingdom,alpha,946,8728.0,97.0,8631.0,41.46498,0.016,1.67,0.02672
918,10000,100,200,Brazil,gamma,96,9261.0,84.0,9177.0,34.712967,0.016,2.05,0.032799999999999996
919,10000,100,200,United Kingdom,alpha,261,8497.0,92.0,8405.0,41.652607,0.016,1.67,0.02672
920,10000,100,200,United Kingdom,delta,811,8569.0,83.0,8486.0,41.467205,0.016,2.2,0.0352
921,10000,100,200,United Kingdom,alpha,83,8916.0,101.0,8815.0,41.263012,0.016,1.67,0.02672
922,10000,100,200,South Africa,gamma,536,8458.0,28.0,8430.0,29.65133,0.016,2.05,0.032799999999999996
923,10000,100,200,United Kingdom,alpha,460,8669.0,91.0,8577.0,41.161114,0.016,1.67,0.02672
924,10000,100,200,Brazil,gamma,434,8879.0,59.0,8820.0,34.85901,0.016,2.05,0.032799999999999996
925,10000,100,200,India,delta,210,8947.0,44.0,8903.0,31.381693,0.016,2.2,0.0352
926,10000,100,200,South Africa,beta,820,7968.0,22.0,7946.0,29.9867,0.016,1.0,0.016
927,10000,100,200,South Africa,beta,282,7818.0,23.0,7795.0,29.306503,0.016,1.0,0.016
928,10000,100,200,South Africa,delta,591,8450.0,22.0,8428.0,29.702948,0.016,2.2,0.0352
929,10000,100,200,Brazil,gamma,106,8370.0,42.0,8328.0,34.937428,0.016,2.05,0.032799999999999996
930,10000,100,200,Brazil,gamma,120,8286.0,44.0,8242.0,35.52032,0.016,2.05,0.032799999999999996
931,10000,100,200,United Kingdom,alpha,276,8539.0,79.0,8460.0,40.605133,0.016,1.67,0.02672
932,10000,100,200,India,delta,751,9301.0,54.0,9247.0,30.911087,0.016,2.2,0.0352
933,10000,100,200,India,beta,916,7778.0,26.0,7752.0,31.092112,0.016,1.0,0.016
934,10000,100,200,India,delta,628,7994.0,28.0,7966.0,31.144958,0.016,2.2,0.0352
935,10000,100,200,Brazil,delta,642,8284.0,37.0,8247.0,35.05095,0.016,2.2,0.0352
936,10000,100,200,Brazil,beta,390,8375.0,67.0,8308.0,35.46575,0.016,1.0,0.016
937,10000,100,200,India,gamma,668,8218.0,31.0,8187.0,31.204056,0.016,2.05,0.032799999999999996
938,10000,100,200,South Africa,delta,220,9222.0,56.0,9166.0,29.650993,0.016,2.2,0.0352
939,10000,100,200,India,delta,187,9254.0,46.0,9208.0,30.919266,0.016,2.2,0.0352
940,10000,100,200,India,gamma,502,8046.0,24.0,8022.0,30.876352,0.016,2.05,0.032799999999999996
941,10000,100,200,United Kingdom,alpha,747,8568.0,93.0,8475.0,40.986732,0.016,1.67,0.02672
942,10000,100,200,Brazil,gamma,346,8836.0,53.0,8783.0,35.049732,0.016,2.05,0.032799999999999996
943,10000,100,200,Brazil,gamma,1,9090.0,67.0,9023.0,35.42565,0.016,2.05,0.032799999999999996
944,10000,100,200,South Africa,beta,211,7749.0,19.0,7730.0,29.81386,0.016,1.0,0.016
945,10000,100,200,South Africa,beta,378,7849.0,23.0,7826.0,29.609674,0.016,1.0,0.016
946,10000,100,200,Brazil,gamma,63,8694.0,56.0,8638.0,34.84813,0.016,2.05,0.032799999999999996
947,10000,100,200,United Kingdom,alpha,118,9094.0,118.0,8976.0,41.45206,0.016,1.67,0.02672
948,10000,100,200,United Kingdom,alpha,866,8781.0,93.0,8688.0,41.414726,0.016,1.67,0.02672
949,10000,100,200,United Kingdom,gamma,500,9303.0,162.0,9141.0,41.316093,0.016,2.05,0.032799999999999996
950,10000,100,200,India,alpha,539,8661.0,25.0,8636.0,31.516191,0.016,1.67,0.02672
951,10000,100,200,United Kingdom,alpha,951,8507.0,84.0,8423.0,41.340664,0.016,1.67,0.02672
952,10000,100,200,South Africa,beta,251,7829.0,22.0,7807.0,29.564219,0.016,1.0,0.016
953,10000,100,200,United Kingdom,gamma,632,8941.0,113.0,8828.0,41.447903,0.016,2.05,0.032799999999999996
954,10000,100,200,United Kingdom,alpha,854,8607.0,91.0,8516.0,40.99136,0.016,1.67,0.02672
955,10000,100,200,Brazil,beta,720,8152.0,49.0,8103.0,35.004807,0.016,1.0,0.016
956,10000,100,200,India,delta,263,7884.0,25.0,7859.0,30.83117,0.016,2.2,0.0352
957,10000,100,200,India,delta,936,9212.0,58.0,9154.0,31.073019,0.016,2.2,0.0352
958,10000,100,200,India,alpha,535,8134.0,25.0,8109.0,30.8885,0.016,1.67,0.02672
959,10000,100,200,South Africa,beta,652,7692.0,24.0,7668.0,29.35304,0.016,1.0,0.016
960,10000,100,200,India,delta,877,9300.0,54.0,9246.0,30.741375,0.016,2.2,0.0352
961,10000,100,200,India,delta,760,8280.0,20.0,8260.0,30.853662,0.016,2.2,0.0352
962,10000,100,200,South Africa,beta,196,7885.0,28.0,7857.0,29.985079,0.016,1.0,0.016
963,10000,100,200,Brazil,gamma,535,8502.0,60.0,8442.0,34.93182,0.016,2.05,0.032799999999999996
964,10000,100,200,United Kingdom,alpha,34,9046.0,112.0,8934.0,41.31609,0.016,1.67,0.02672
965,10000,100,200,South Africa,beta,735,8017.0,21.0,7996.0,29.906755,0.016,1.0,0.016
966,10000,100,200,South Africa,alpha,7,8599.0,23.0,8576.0,29.520115,0.016,1.67,0.02672
967,10000,100,200,United Kingdom,alpha,494,8576.0,92.0,8484.0,40.972908,0.016,1.67,0.02672
968,10000,100,200,South Africa,beta,811,7841.0,25.0,7816.0,29.819887,0.016,1.0,0.016
969,10000,100,200,United Kingdom,beta,424,8581.0,107.0,8474.0,41.871693,0.016,1.0,0.016
970,10000,100,200,South Africa,beta,988,7848.0,12.0,7836.0,29.578081,0.016,1.0,0.016
971,10000,100,200,United Kingdom,alpha,42,8532.0,79.0,8453.0,41.720146,0.016,1.67,0.02672
972,10000,100,200,United Kingdom,alpha,647,8638.0,101.0,8537.0,41.24225,0.016,1.67,0.02672
973,10000,100,200,Brazil,gamma,612,9312.0,78.0,9234.0,35.296303,0.016,2.05,0.032799999999999996
974,10000,100,200,United Kingdom,alpha,472,8664.0,108.0,8556.0,41.833336,0.016,1.67,0.02672
975,10000,100,200,Brazil,gamma,799,9180.0,60.0,9120.0,34.997105,0.016,2.05,0.032799999999999996
976,10000,100,200,South Africa,beta,972,7904.0,17.0,7887.0,29.273556,0.016,1.0,0.016
977,10000,100,200,South Africa,beta,3,7830.0,17.0,7813.0,29.718647,0.016,1.0,0.016
978,10000,100,200,United Kingdom,alpha,450,8701.0,104.0,8597.0,41.20702,0.016,1.67,0.02672
979,10000,100,200,India,alpha,432,8741.0,34.0,8707.0,30.838415,0.016,1.67,0.02672
980,10000,100,200,South Africa,beta,231,7878.0,23.0,7855.0,29.477766,0.016,1.0,0.016
981,10000,100,200,South Africa,beta,61,7547.0,16.0,7531.0,29.776463,0.016,1.0,0.016
982,10000,100,200,India,delta,622,8952.0,43.0,8909.0,31.157312,0.016,2.2,0.0352
983,10000,100,200,South Africa,alpha,676,8581.0,20.0,8561.0,29.7204,0.016,1.67,0.02672
984,10000,100,200,Brazil,delta,258,8188.0,33.0,8155.0,34.795216,0.016,2.2,0.0352
985,10000,100,200,United Kingdom,alpha,909,8565.0,92.0,8473.0,41.055233,0.016,1.67,0.02672
986,10000,100,200,India,delta,944,9167.0,45.0,9122.0,30.963993,0.016,2.2,0.0352
987,10000,100,200,Brazil,alpha,285,8309.0,25.0,8284.0,35.11582,0.016,1.67,0.02672
988,10000,100,200,United Kingdom,alpha,707,8601.0,103.0,8498.0,41.322845,0.016,1.67,0.02672
989,10000,100,200,South Africa,alpha,553,7604.0,33.0,7571.0,29.880362,0.016,1.67,0.02672
990,10000,100,200,Brazil,gamma,978,8183.0,36.0,8147.0,35.122864,0.016,2.05,0.032799999999999996
991,10000,100,200,United Kingdom,alpha,529,8722.0,93.0,8629.0,41.207073,0.016,1.67,0.02672
992,10000,100,200,Brazil,gamma,346,8836.0,53.0,8783.0,35.049732,0.016,2.05,0.032799999999999996
993,10000,100,200,Brazil,gamma,937,9243.0,79.0,9164.0,35.16797,0.016,2.05,0.032799999999999996
994,10000,100,200,Brazil,gamma,363,9019.0,68.0,8951.0,35.1661,0.016,2.05,0.032799999999999996
995,10000,100,200,South Africa,beta,741,7790.0,25.0,7765.0,29.95008,0.016,1.0,0.016
996,10000,100,200,India,delta,289,7890.0,17.0,7873.0,31.023937,0.016,2.2,0.0352
997,10000,100,200,India,delta,435,8048.0,31.0,8017.0,31.218657,0.016,2.2,0.0352
998,10000,100,200,United Kingdom,alpha,127,8609.0,102.0,8507.0,41.629807,0.016,1.67,0.02672
999,10000,100,200,India,delta,631,9242.0,64.0,9178.0,31.3401,0.016,2.2,0.0352

