,Unnamed: 0,pop_size,pop_scale,pop_type,pop_infected,n_days,location,variants,cum_infections,cum_deaths,cum_recoveries,rand_seed,avg_age,wild_beta,rel_beta,beta,rel_severe_prob,contacts
2,2,51633,20,hybrid,1000,216,Mozambique,beta,779207.068297238,948.916100448256,778672.4286413321,564,22.315199,0.016,1.0,0.016,1.0,3.366
3,3,51633,20,hybrid,1000,216,Gambia,delta,1003572.7229349376,1260.0,1002473.6258222732,549,22.193062,0.016,2.2,0.0352,1.0,7.228999999999999
10,10,51633,20,hybrid,1000,216,Gambia,alpha,980055.4101996257,1120.0000000000002,978977.86277734,261,22.193016,0.016,1.67,0.02672,1.0,7.228999999999999
11,11,51633,20,hybrid,1000,216,Mozambique,beta,783891.7455249396,1140.0,782429.6912219748,759,22.124784,0.016,1.0,0.016,1.0,3.366
12,12,51633,20,hybrid,1000,216,Gambia,alpha,980871.1684706828,1100.0,979672.0577610532,831,22.209415,0.016,1.67,0.02672,1.0,7.228999999999999
13,13,51633,20,hybrid,1000,216,Mozambique,beta,781709.3721372811,1045.159780352,780702.7273122271,267,22.368996,0.016,1.0,0.016,1.0,3.366
15,15,51633,20,hybrid,1000,216,Gambia,alpha,982063.9749830976,1020.0,981078.5896055752,463,22.32793,0.016,1.67,0.02672,1.0,7.228999999999999
16,16,51633,20,hybrid,1000,216,Mozambique,delta,963007.1681648942,1260.0,961767.8436370884,608,22.366396,0.016,2.2,0.0352,1.0,3.366
17,17,51633,20,hybrid,1000,216,Mozambique,beta,782797.2553140182,1026.1917364224,781771.4928325061,944,22.367374,0.016,1.0,0.016,1.0,3.366
19,19,51633,20,hybrid,1000,216,Mozambique,beta,791068.7263385552,1162.985984,789512.0718435867,329,22.131752,0.016,1.0,0.016,1.0,3.366
21,21,51633,20,hybrid,1000,216,Gambia,alpha,981104.874793242,1080.0,979850.985359693,670,22.175234,0.016,1.67,0.02672,1.0,7.228999999999999
22,22,51633,20,hybrid,1000,216,Gambia,alpha,980128.0983358414,1080.0,978894.4634981792,838,22.205318,0.016,1.67,0.02672,1.0,7.228999999999999
23,23,51633,20,hybrid,1000,216,Gambia,delta,1002336.2489825302,1280.0,1001030.179923436,561,22.160301,0.016,2.2,0.0352,1.0,7.228999999999999
26,26,51633,20,hybrid,1000,216,Mozambique,gamma,951041.62126605,1120.0,949912.7582504256,516,22.404816,0.016,2.05,0.0327999999999999,1.0,3.366
27,27,51633,20,hybrid,1000,216,Mozambique,beta,781242.3053968361,1018.78160048128,780310.6754457363,551,22.324308,0.016,1.0,0.016,1.0,3.366
28,28,51633,20,hybrid,1000,216,Mozambique,beta,783087.8743307309,1280.0,782305.069394808,175,22.323893,0.016,1.0,0.016,1.0,3.366
29,29,51633,20,hybrid,1000,216,Gambia,alpha,979867.2593980388,1100.0,978823.0397311024,8,22.205118,0.016,1.67,0.02672,1.0,7.228999999999999
30,30,51633,20,hybrid,1000,216,Mozambique,gamma,948870.3333191954,1000.0,947679.1154574202,195,22.223764,0.016,2.05,0.0327999999999999,1.0,3.366
33,33,51633,20,hybrid,1000,216,Mozambique,beta,791297.2388381474,1140.0,790515.610430951,804,22.488369,0.016,1.0,0.016,1.0,3.366
34,34,51633,20,hybrid,1000,216,Gambia,alpha,980546.1391869518,1020.0,979549.3035053746,746,22.23911,0.016,1.67,0.02672,1.0,7.228999999999999
35,35,51633,20,hybrid,1000,216,Gambia,alpha,980795.4884976894,1200.0,979659.0786446662,571,22.160198,0.016,1.67,0.02672,1.0,7.228999999999999
41,41,51633,20,hybrid,1000,216,Gambia,gamma,998148.9608951324,1140.0,996877.1087419792,657,22.243753,0.016,2.05,0.0327999999999999,1.0,7.228999999999999
42,42,51633,20,hybrid,1000,216,Gambia,alpha,979136.8512700328,1240.0,977868.031664813,143,22.201782,0.016,1.67,0.02672,1.0,7.228999999999999
44,44,51633,20,hybrid,1000,216,Gambia,alpha,980617.4782944917,1060.0,979642.4729637802,900,22.182064,0.016,1.67,0.02672,1.0,7.228999999999999
46,46,51633,20,hybrid,1000,216,Mozambique,gamma,951860.4716141552,1220.0,950576.5827354796,419,22.226217,0.016,2.05,0.0327999999999999,1.0,3.366
47,47,51633,20,hybrid,1000,216,Mozambique,beta,781252.4915166654,822.4883199999999,780238.416430673,859,22.22338,0.016,1.0,0.016,1.0,3.366
49,49,51633,20,hybrid,1000,216,Gambia,gamma,997908.891799424,1100.0,996990.848510835,936,22.147348,0.016,2.05,0.0327999999999999,1.0,7.228999999999999
50,50,51633,20,hybrid,1000,216,Gambia,alpha,979622.487995864,1220.0,978612.5718332456,876,22.179422,0.016,1.67,0.02672,1.0,7.228999999999999
52,52,51633,20,hybrid,1000,216,Mozambique,alpha,922543.929214709,1040.0,921369.3810307238,733,22.249874,0.016,1.67,0.02672,1.0,3.366
54,54,51633,20,hybrid,1000,216,Mozambique,beta,788524.7211578548,800.0,787720.1321263846,412,22.284384,0.016,1.0,0.016,1.0,3.366
57,57,51633,20,hybrid,1000,216,Gambia,alpha,982590.0004880432,1260.0,981446.9469001024,624,22.238985,0.016,1.67,0.02672,1.0,7.228999999999999
60,60,51633,20,hybrid,1000,216,Mozambique,delta,962135.6980676608,1380.0000000000002,960854.2003894028,959,22.290672,0.016,2.2,0.0352,1.0,3.366
61,61,51633,20,hybrid,1000,216,Gambia,alpha,982817.4972845252,1180.0,981475.1225202348,437,22.187843,0.016,1.67,0.02672,1.0,7.228999999999999
62,62,51633,20,hybrid,1000,216,Mozambique,beta,776182.819591508,930.6993205379072,775196.0619046027,534,22.2394,0.016,1.0,0.016,1.0,3.366
63,63,51633,20,hybrid,1000,216,Mozambique,beta,784009.6649480956,1140.0,782719.15455484,877,22.249243,0.016,1.0,0.016,1.0,3.366
64,64,51633,20,hybrid,1000,216,Gambia,alpha,981305.688467224,980.0,980079.5233476644,269,22.122053,0.016,1.67,0.02672,1.0,7.228999999999999
67,67,51633,20,hybrid,1000,216,Mozambique,gamma,950918.2170406822,1200.0,949708.6630902368,965,22.32701,0.016,2.05,0.0327999999999999,1.0,3.366
68,68,51633,20,hybrid,1000,216,Mozambique,beta,780204.2348590579,911.01326450688,779342.3452699916,107,22.216991,0.016,1.0,0.016,1.0,3.366
69,69,51633,20,hybrid,1000,216,Gambia,alpha,979217.2805348188,1160.0,977940.0080556752,590,22.2176,0.016,1.67,0.02672,1.0,7.228999999999999
71,71,51633,20,hybrid,1000,216,Mozambique,beta,778879.7429386168,840.0,777868.1885639355,48,22.266283,0.016,1.0,0.016,1.0,3.366
73,73,51633,20,hybrid,1000,216,Gambia,alpha,981271.1321147135,980.0,980579.4033322652,383,22.198412,0.016,1.67,0.02672,1.0,7.228999999999999
76,76,51633,20,hybrid,1000,216,Gambia,alpha,982444.5233096868,960.0,981366.030518506,40,22.180735,0.016,1.67,0.02672,1.0,7.228999999999999
77,77,51633,20,hybrid,1000,216,Gambia,gamma,998278.720287696,800.0,997618.7715295488,738,22.156267,0.016,2.05,0.0327999999999999,1.0,7.228999999999999
78,78,51633,20,hybrid,1000,216,Gambia,delta,1003061.205457894,980.0,1001983.017283948,312,22.101875,0.016,2.2,0.0352,1.0,7.228999999999999
79,79,51633,20,hybrid,1000,216,Gambia,beta,899344.0809772757,1108.916100448256,897968.413139941,900,22.182064,0.016,1.0,0.016,1.0,7.228999999999999
80,80,51633,20,hybrid,1000,216,Mozambique,beta,788096.7515083824,958.4884258895036,786911.2968501591,253,22.254461,0.016,1.0,0.016,1.0,3.366
81,81,51633,20,hybrid,1000,216,Mozambique,beta,778407.2147354337,820.0,776823.920878641,819,22.228556,0.016,1.0,0.016,1.0,3.366
84,84,51633,20,hybrid,1000,216,Gambia,beta,894985.8826016185,870.6993205379072,893872.5427949348,613,22.11102,0.016,1.0,0.016,1.0,7.228999999999999
85,85,51633,20,hybrid,1000,216,Mozambique,delta,959765.4878800544,1320.0,958382.6046517196,841,22.381626,0.016,2.2,0.0352,1.0,3.366
86,86,51633,20,hybrid,1000,216,Gambia,alpha,981810.55304368,1100.0,980716.701129802,29,22.328032,0.016,1.67,0.02672,1.0,7.228999999999999
88,88,51633,20,hybrid,1000,216,Gambia,alpha,982061.4241788732,1180.0,980951.6141778964,979,22.319214,0.016,1.67,0.02672,1.0,7.228999999999999
89,89,51633,20,hybrid,1000,216,Mozambique,beta,790655.8529500739,1040.0,789854.2203460057,693,22.296007,0.016,1.0,0.016,1.0,3.366
90,90,51633,20,hybrid,1000,216,Mozambique,beta,780284.751329142,1007.43008370688,779244.6569436863,170,22.21445,0.016,1.0,0.016,1.0,3.366
92,92,51633,20,hybrid,1000,216,Mozambique,beta,785444.1033337016,1040.0,784562.4657680237,764,22.286722,0.016,1.0,0.016,1.0,3.366
93,93,51633,20,hybrid,1000,216,Gambia,beta,904812.0847251348,1120.0,903493.9214966611,728,22.322447,0.016,1.0,0.016,1.0,7.228999999999999
95,95,51633,20,hybrid,1000,216,Mozambique,beta,777791.7730870756,867.4300837068799,776863.5681522237,258,22.324003,0.016,1.0,0.016,1.0,3.366
96,96,51633,20,hybrid,1000,216,Gambia,gamma,999091.9190547531,1220.0,997772.6626687978,625,22.275354,0.016,2.05,0.0327999999999999,1.0,7.228999999999999
97,97,51633,20,hybrid,1000,216,Mozambique,beta,783365.8053216911,920.0,782599.0293117939,748,22.195026,0.016,1.0,0.016,1.0,3.366
100,100,51633,20,hybrid,1000,216,Mozambique,beta,786860.4589330882,1040.0,785644.8880030172,799,22.343786,0.016,1.0,0.016,1.0,3.366
101,101,51633,20,hybrid,1000,216,Mozambique,beta,776815.7778197068,920.0,776206.8515666588,928,22.235636,0.016,1.0,0.016,1.0,3.366
102,102,51633,20,hybrid,1000,216,Mozambique,beta,777791.7730870756,867.4300837068799,776863.5681522237,258,22.324003,0.016,1.0,0.016,1.0,3.366
104,104,51633,20,hybrid,1000,216,Mozambique,beta,784687.2122311043,940.0,783457.3109649869,300,22.090132,0.016,1.0,0.016,1.0,3.366
105,105,51633,20,hybrid,1000,216,Gambia,alpha,979593.7564903372,1060.0,978866.2955728122,146,22.109428,0.016,1.67,0.02672,1.0,7.228999999999999
106,106,51633,20,hybrid,1000,216,Gambia,alpha,979549.5314374026,1300.0,978313.8236976226,279,22.114864,0.016,1.67,0.02672,1.0,7.228999999999999
108,108,51633,20,hybrid,1000,216,Gambia,delta,1004198.4006544811,1060.0,1003190.579776928,215,22.280664,0.016,2.2,0.0352,1.0,7.228999999999999
109,109,51633,20,hybrid,1000,216,Gambia,alpha,983606.2832571088,980.0,982792.9620560182,705,22.312746,0.016,1.67,0.02672,1.0,7.228999999999999
110,110,51633,20,hybrid,1000,216,Mozambique,alpha,919745.475405876,1160.0,918540.880974636,260,22.291718,0.016,1.67,0.02672,1.0,3.366
112,112,51633,20,hybrid,1000,216,Mozambique,delta,964360.4221839726,1300.0,962909.0183265868,810,22.28741,0.016,2.2,0.0352,1.0,3.366
113,113,51633,20,hybrid,1000,216,Mozambique,beta,786916.0668117746,895.4070215745863,785895.13003327,899,22.264957,0.016,1.0,0.016,1.0,3.366
114,114,51633,20,hybrid,1000,216,Gambia,alpha,979751.974575817,1260.0,978172.9282278311,73,22.089317,0.016,1.67,0.02672,1.0,7.228999999999999
115,115,51633,20,hybrid,1000,216,Mozambique,beta,785086.9048416521,1000.0,783904.5636489105,659,22.140749,0.016,1.0,0.016,1.0,3.366
116,116,51633,20,hybrid,1000,216,Gambia,delta,1000456.0063350028,960.0,999777.8195835731,332,22.272297,0.016,2.2,0.0352,1.0,7.228999999999999
120,120,51633,20,hybrid,1000,216,Gambia,alpha,978978.2531053112,1100.0,978144.2954254206,700,22.244291,0.016,1.67,0.02672,1.0,7.228999999999999
121,121,51633,20,hybrid,1000,216,Mozambique,beta,788096.7515083824,958.4884258895036,786911.2968501591,253,22.254461,0.016,1.0,0.016,1.0,3.366
122,122,51633,20,hybrid,1000,216,Gambia,alpha,980739.2277183948,1200.0,979191.1918130388,549,22.193062,0.016,1.67,0.02672,1.0,7.228999999999999
123,123,51633,20,hybrid,1000,216,Mozambique,beta,787488.2576651087,1128.916100448256,786414.1871663972,40,22.24882,0.016,1.0,0.016,1.0,3.366
127,127,51633,20,hybrid,1000,216,Gambia,gamma,998465.565348412,1140.0000000000002,997547.4204733196,186,22.17528,0.016,2.05,0.0327999999999999,1.0,7.228999999999999
130,130,51633,20,hybrid,1000,216,Mozambique,beta,783582.5708417249,1080.0,782602.187555644,585,22.347944,0.016,1.0,0.016,1.0,3.366
131,131,51633,20,hybrid,1000,216,Mozambique,alpha,919234.1756026988,1300.0,917959.0636784356,894,22.27943,0.016,1.67,0.02672,1.0,3.366
132,132,51633,20,hybrid,1000,216,Gambia,alpha,979329.6782453848,980.0,978423.802654912,491,22.06755,0.016,1.67,0.02672,1.0,7.228999999999999
137,137,51633,20,hybrid,1000,216,Mozambique,beta,787951.5921553766,1000.0,786385.3477285983,100,22.305868,0.016,1.0,0.016,1.0,3.366
138,138,51633,20,hybrid,1000,216,Gambia,beta,897244.4446151019,860.0,896375.8824702313,30,22.0211,0.016,1.0,0.016,1.0,7.228999999999999
139,139,51633,20,hybrid,1000,216,Mozambique,delta,961595.5377935284,960.0,960762.8160776324,904,22.2417,0.016,2.2,0.0352,1.0,3.366
140,140,51633,20,hybrid,1000,216,Gambia,alpha,981408.595129194,880.0,980526.158886777,272,22.249334,0.016,1.67,0.02672,1.0,7.228999999999999
141,141,51633,20,hybrid,1000,216,Mozambique,beta,782638.9758486436,800.0,782006.8394584516,301,22.275688,0.016,1.0,0.016,1.0,3.366
142,142,51633,20,hybrid,1000,216,Mozambique,beta,786072.3455406731,978.1294042447872,784948.9821157702,355,22.200619,0.016,1.0,0.016,1.0,3.366
145,145,51633,20,hybrid,1000,216,Gambia,alpha,980137.023541067,920.0,979381.3379109928,239,22.138906,0.016,1.67,0.02672,1.0,7.228999999999999
146,146,51633,20,hybrid,1000,216,Gambia,alpha,977751.8526982124,1200.0,976507.5443380527,331,22.099604,0.016,1.67,0.02672,1.0,7.228999999999999
147,147,51633,20,hybrid,1000,216,Mozambique,beta,774052.9670811716,968.916100448256,773350.0703445978,307,22.202097,0.016,1.0,0.016,1.0,3.366
149,149,51633,20,hybrid,1000,216,Gambia,alpha,980732.4955980172,1300.0,979122.4494291672,763,22.36015,0.016,1.67,0.02672,1.0,7.228999999999999
151,151,51633,20,hybrid,1000,216,Gambia,alpha,979733.485119364,1120.0,978735.7090879206,30,22.0211,0.016,1.67,0.02672,1.0,7.228999999999999
155,155,51633,20,hybrid,1000,216,Mozambique,beta,787217.9548340443,660.0,786427.3529878072,365,22.277594,0.016,1.0,0.016,1.0,3.366
156,156,51633,20,hybrid,1000,216,Gambia,alpha,983243.1528491236,960.0,982235.296736284,932,22.181326,0.016,1.67,0.02672,1.0,7.228999999999999
159,159,51633,20,hybrid,1000,216,Mozambique,beta,774052.9670811716,968.916100448256,773350.0703445978,307,22.202097,0.016,1.0,0.016,1.0,3.366
161,161,51633,20,hybrid,1000,216,Mozambique,gamma,954572.4739567274,1380.0,953234.314932248,333,22.406042,0.016,2.05,0.0327999999999999,1.0,3.366
164,164,51633,20,hybrid,1000,216,Mozambique,beta,788120.918752437,920.0,787019.5281237139,487,22.148958,0.016,1.0,0.016,1.0,3.366
166,166,51633,20,hybrid,1000,216,Gambia,alpha,980916.4625207892,980.0,980055.7941557613,737,22.31975,0.016,1.67,0.02672,1.0,7.228999999999999
167,167,51633,20,hybrid,1000,216,Mozambique,beta,782394.6765537781,1060.0,781119.0128037793,419,22.226217,0.016,1.0,0.016,1.0,3.366
168,168,51633,20,hybrid,1000,216,Gambia,alpha,981544.2336622854,1160.0,980428.315167228,218,22.115227,0.016,1.67,0.02672,1.0,7.228999999999999
169,169,51633,20,hybrid,1000,216,Mozambique,alpha,922277.5558545938,1260.0000000000002,920938.4950589368,579,22.479832,0.016,1.67,0.02672,1.0,3.366
170,170,51633,20,hybrid,1000,216,Gambia,alpha,984368.8232492162,780.0,983531.4659229626,481,22.248407,0.016,1.67,0.02672,1.0,7.228999999999999
171,171,51633,20,hybrid,1000,216,Mozambique,delta,961939.7619264744,1240.0,960701.4692444834,962,22.209787,0.016,2.2,0.0352,1.0,3.366
172,172,51633,20,hybrid,1000,216,Mozambique,beta,783861.9830558365,1005.159780352,783181.5590417364,397,22.366377,0.016,1.0,0.016,1.0,3.366
173,173,51633,20,hybrid,1000,216,Mozambique,beta,787864.6764812714,1220.0,786737.7574245036,728,22.393131,0.016,1.0,0.016,1.0,3.366
175,175,51633,20,hybrid,1000,216,Gambia,alpha,980100.943841934,1280.0,978704.7217713062,59,22.162231,0.016,1.67,0.02672,1.0,7.228999999999999
177,177,51633,20,hybrid,1000,216,Gambia,alpha,982329.8473370224,1180.0000000000002,981167.4485826144,288,22.188028,0.016,1.67,0.02672,1.0,7.228999999999999
178,178,51633,20,hybrid,1000,216,Gambia,alpha,980679.3341864364,1220.0,979632.007429614,717,22.250343,0.016,1.67,0.02672,1.0,7.228999999999999
180,180,51633,20,hybrid,1000,216,Gambia,alpha,981236.6626904276,1080.0,980091.4548205772,396,22.260283,0.016,1.67,0.02672,1.0,7.228999999999999
182,182,51633,20,hybrid,1000,216,Gambia,alpha,982080.2215149612,1040.0,981121.688873544,210,22.225204,0.016,1.67,0.02672,1.0,7.228999999999999
185,185,51633,20,hybrid,1000,216,Mozambique,beta,783652.2516935142,900.0,782475.0034135694,110,22.144215,0.016,1.0,0.016,1.0,3.366
187,187,51633,20,hybrid,1000,216,Mozambique,beta,779316.4255439143,855.4070215745863,778418.4477833426,144,22.228619,0.016,1.0,0.016,1.0,3.366
188,188,51633,20,hybrid,1000,216,Gambia,alpha,980294.4252669225,1080.0,979150.3805272358,696,22.155497,0.016,1.67,0.02672,1.0,7.228999999999999
190,190,51633,20,hybrid,1000,216,Mozambique,beta,780855.5395698508,976.8910569603072,779944.9365320472,261,22.278545,0.016,1.0,0.016,1.0,3.366
191,191,51633,20,hybrid,1000,216,Gambia,alpha,981809.3138103352,980.0,980866.2034365502,747,22.28973,0.016,1.67,0.02672,1.0,7.228999999999999
195,195,51633,20,hybrid,1000,216,Mozambique,beta,778974.6659594316,1135.4070215745865,777642.3382547761,687,22.302849,0.016,1.0,0.016,1.0,3.366
198,198,51633,20,hybrid,1000,216,Mozambique,beta,782630.979588631,1078.4884258895036,781873.4708259735,614,22.319735,0.016,1.0,0.016,1.0,3.366
199,199,51633,20,hybrid,1000,216,Gambia,alpha,978501.1640892104,1060.0,977513.740955689,257,22.023754,0.016,1.67,0.02672,1.0,7.228999999999999
200,200,51633,20,hybrid,1000,216,Gambia,delta,1001933.790791097,1160.0,1000945.3128001008,387,22.186201,0.016,2.2,0.0352,1.0,7.228999999999999
203,203,51633,20,hybrid,1000,216,Gambia,beta,903460.7092870724,840.0,902481.2265800012,104,22.328121,0.016,1.0,0.016,1.0,7.228999999999999
204,204,51633,20,hybrid,1000,216,Gambia,alpha,979308.438764713,920.0,978395.7742948072,628,22.228113,0.016,1.67,0.02672,1.0,7.228999999999999
207,207,51633,20,hybrid,1000,216,Gambia,alpha,981923.3303313564,1160.0,981178.2121258484,829,22.169996,0.016,1.67,0.02672,1.0,7.228999999999999
208,208,51633,20,hybrid,1000,216,Gambia,gamma,998612.8534421084,980.0,997599.3218855822,117,22.139364,0.016,2.05,0.0327999999999999,1.0,7.228999999999999
209,209,51633,20,hybrid,1000,216,Gambia,alpha,981471.5124006888,1080.0,980703.941256156,735,22.240047,0.016,1.67,0.02672,1.0,7.228999999999999
212,212,51633,20,hybrid,1000,216,Mozambique,gamma,952211.7634733268,1080.0,951102.9681847076,289,22.259315,0.016,2.05,0.0327999999999999,1.0,3.366
215,215,51633,20,hybrid,1000,216,Mozambique,beta,788525.594426926,1132.8391846454888,787188.7761866783,230,22.255648,0.016,1.0,0.016,1.0,3.366
216,216,51633,20,hybrid,1000,216,Mozambique,beta,777748.9105315536,740.0,776969.4227772176,256,22.201864,0.016,1.0,0.016,1.0,3.366
217,217,51633,20,hybrid,1000,216,Mozambique,beta,791672.9845275413,940.0,791099.4782308395,164,22.309566,0.016,1.0,0.016,1.0,3.366
220,220,51633,20,hybrid,1000,216,Mozambique,beta,780319.9082229846,1082.48832,779196.5741541532,758,22.238708,0.016,1.0,0.016,1.0,3.366
222,222,51633,20,hybrid,1000,216,Gambia,alpha,979063.6828566636,920.0,978358.875031546,589,22.124516,0.016,1.67,0.02672,1.0,7.228999999999999
224,224,51633,20,hybrid,1000,216,Mozambique,beta,792226.6011476923,1180.0,791888.6980441348,291,22.362667,0.016,1.0,0.016,1.0,3.366
226,226,51633,20,hybrid,1000,216,Gambia,alpha,981544.2336622854,1160.0,980428.315167228,218,22.115227,0.016,1.67,0.02672,1.0,7.228999999999999
229,229,51633,20,hybrid,1000,216,Gambia,delta,1003414.3505490974,1060.0,1002409.2982149645,270,22.188091,0.016,2.2,0.0352,1.0,7.228999999999999
231,231,51633,20,hybrid,1000,216,Gambia,alpha,980564.5144269736,1180.0,979487.2902003016,971,22.20946,0.016,1.67,0.02672,1.0,7.228999999999999
234,234,51633,20,hybrid,1000,216,Mozambique,beta,780673.2407271476,1322.985984,778953.9107212285,90,22.274473,0.016,1.0,0.016,1.0,3.366
237,237,51633,20,hybrid,1000,216,Mozambique,beta,778879.7429386168,840.0,777868.1885639355,48,22.266283,0.016,1.0,0.016,1.0,3.366
238,238,51633,20,hybrid,1000,216,Gambia,alpha,982493.3101891052,1100.0,981038.1105054432,282,22.17192,0.016,1.67,0.02672,1.0,7.228999999999999
239,239,51633,20,hybrid,1000,216,Gambia,alpha,979251.3212752204,980.0,978139.7365898537,675,22.142252,0.016,1.67,0.02672,1.0,7.228999999999999
242,242,51633,20,hybrid,1000,216,Mozambique,beta,774410.4895230803,1040.0,773574.5343163684,815,22.274897,0.016,1.0,0.016,1.0,3.366
244,244,51633,20,hybrid,1000,216,Gambia,gamma,998429.285862074,1160.0,997258.3506966592,571,22.160198,0.016,2.05,0.0327999999999999,1.0,7.228999999999999
245,245,51633,20,hybrid,1000,216,Mozambique,beta,774052.8755067114,860.0,773276.2389150944,645,22.223843,0.016,1.0,0.016,1.0,3.366
246,246,51633,20,hybrid,1000,216,Gambia,alpha,978084.9074133608,1220.0,976816.2222263968,377,22.154974,0.016,1.67,0.02672,1.0,7.228999999999999
247,247,51633,20,hybrid,1000,216,Gambia,alpha,981464.1274383072,1000.0,980805.7331470164,843,22.340162,0.016,1.67,0.02672,1.0,7.228999999999999
249,249,51633,20,hybrid,1000,216,Mozambique,beta,783737.4972435404,1040.0,782587.9262323945,270,22.27317,0.016,1.0,0.016,1.0,3.366
250,250,51633,20,hybrid,1000,216,Gambia,alpha,980494.583198936,1020.0,979399.6193395932,917,22.290565,0.016,1.67,0.02672,1.0,7.228999999999999
251,251,51633,20,hybrid,1000,216,Gambia,alpha,979814.4300518484,1120.0,978453.430481742,508,22.36396,0.016,1.67,0.02672,1.0,7.228999999999999
256,256,51633,20,hybrid,1000,216,Gambia,alpha,980124.2684882162,880.0,979506.2637888512,47,22.291094,0.016,1.67,0.02672,1.0,7.228999999999999
259,259,51633,20,hybrid,1000,216,Mozambique,beta,784826.0387866497,1160.0,784245.4209783142,634,22.276953,0.016,1.0,0.016,1.0,3.366
260,260,51633,20,hybrid,1000,216,Mozambique,delta,958564.1778431184,1040.0,957331.26458493,276,22.279398,0.016,2.2,0.0352,1.0,3.366
261,261,51633,20,hybrid,1000,216,Gambia,alpha,979894.8454166256,1240.0,978621.0232816607,10,22.114155,0.016,1.67,0.02672,1.0,7.228999999999999
262,262,51633,20,hybrid,1000,216,Mozambique,beta,788743.0454312805,1030.8718987343036,787873.6676672518,981,22.359285,0.016,1.0,0.016,1.0,3.366
266,266,51633,20,hybrid,1000,216,Gambia,alpha,981986.8382332042,1280.0,980967.4809300276,869,22.258371,0.016,1.67,0.02672,1.0,7.228999999999999
268,268,51633,20,hybrid,1000,216,Gambia,gamma,999877.1830020872,1060.0,998665.909647913,927,22.357231,0.016,2.05,0.0327999999999999,1.0,7.228999999999999
270,270,51633,20,hybrid,1000,216,Gambia,alpha,983894.8412247885,880.0,982891.92643177,518,22.187147,0.016,1.67,0.02672,1.0,7.228999999999999
274,274,51633,20,hybrid,1000,216,Mozambique,beta,781960.9994432506,1180.0,780696.1852236184,692,22.415272,0.016,1.0,0.016,1.0,3.366
275,275,51633,20,hybrid,1000,216,Mozambique,beta,789026.7624769437,1160.0,787729.6340018059,151,22.23038,0.016,1.0,0.016,1.0,3.366
277,277,51633,20,hybrid,1000,216,Gambia,delta,1003934.5215986184,980.0,1003084.6212984094,810,22.200468,0.016,2.2,0.0352,1.0,7.228999999999999
278,278,51633,20,hybrid,1000,216,Gambia,alpha,982163.8734479392,1060.0,981301.2842327596,355,22.139406,0.016,1.67,0.02672,1.0,7.228999999999999
282,282,51633,20,hybrid,1000,216,Mozambique,beta,780143.0260893453,995.4070215745865,778988.2737832237,662,22.173206,0.016,1.0,0.016,1.0,3.366
283,283,51633,20,hybrid,1000,216,Mozambique,beta,781173.093552591,862.0735999999999,779931.4040502819,308,22.15415,0.016,1.0,0.016,1.0,3.366
284,284,51633,20,hybrid,1000,216,Mozambique,gamma,951498.9175053926,1220.0,950509.8429687248,560,22.187927,0.016,2.05,0.0327999999999999,1.0,3.366
285,285,51633,20,hybrid,1000,216,Gambia,alpha,979067.0086804426,1020.0,978155.1463107168,498,22.212112,0.016,1.67,0.02672,1.0,7.228999999999999
289,289,51633,20,hybrid,1000,216,Gambia,alpha,982191.3357403334,1380.0,980937.4095638297,443,22.223793,0.016,1.67,0.02672,1.0,7.228999999999999
290,290,51633,20,hybrid,1000,216,Gambia,alpha,983163.6867617178,1060.0,982210.5327333164,861,22.274761,0.016,1.67,0.02672,1.0,7.228999999999999
292,292,51633,20,hybrid,1000,216,Mozambique,beta,779984.5279239989,1260.0,778247.620634868,143,22.275452,0.016,1.0,0.016,1.0,3.366
293,293,51633,20,hybrid,1000,216,Gambia,delta,1002751.2090963464,980.0,1001883.441603682,993,22.328876,0.016,2.2,0.0352,1.0,7.228999999999999
297,297,51633,20,hybrid,1000,216,Mozambique,beta,784231.2530194329,1000.0,783212.844722583,666,22.223375,0.016,1.0,0.016,1.0,3.366
299,299,51633,20,hybrid,1000,216,Gambia,alpha,980054.0760118782,1000.0,979269.9614717916,42,22.134565,0.016,1.67,0.02672,1.0,7.228999999999999
305,305,51633,20,hybrid,1000,216,Gambia,alpha,982335.77199971,820.0,981486.2036670842,483,22.160587,0.016,1.67,0.02672,1.0,7.228999999999999
306,306,51633,20,hybrid,1000,216,Mozambique,gamma,953757.2908244416,1420.0,952726.0414501112,796,22.373547,0.016,2.05,0.0327999999999999,1.0,3.366
307,307,51633,20,hybrid,1000,216,Gambia,alpha,982048.2670281428,1140.0,980968.076292426,429,22.242842,0.016,1.67,0.02672,1.0,7.228999999999999
309,309,51633,20,hybrid,1000,216,Mozambique,beta,782307.0323443918,1098.4884258895036,781284.0292260137,224,22.242638,0.016,1.0,0.016,1.0,3.366
311,311,51633,20,hybrid,1000,216,Gambia,delta,1003998.6245545072,1380.0,1002424.7503887026,48,22.178816,0.016,2.2,0.0352,1.0,7.228999999999999
313,313,51633,20,hybrid,1000,216,Gambia,alpha,980274.6042523164,952.2311948695412,978939.481378048,539,22.201988,0.016,1.67,0.02672,1.0,7.228999999999999
314,314,51633,20,hybrid,1000,216,Gambia,alpha,981070.3529690338,1060.0,980121.1276359943,267,22.279192,0.016,1.67,0.02672,1.0,7.228999999999999
318,318,51633,20,hybrid,1000,216,Gambia,beta,898058.8970503468,980.0,896794.4501140103,631,22.119183,0.016,1.0,0.016,1.0,7.228999999999999
319,319,51633,20,hybrid,1000,216,Mozambique,beta,791196.9201429375,1062.48832,790441.6152623689,188,22.318363,0.016,1.0,0.016,1.0,3.366
321,321,51633,20,hybrid,1000,216,Mozambique,beta,780096.4021915047,1046.1917364224,779058.228319337,477,22.154339,0.016,1.0,0.016,1.0,3.366
322,322,51633,20,hybrid,1000,216,Mozambique,beta,781242.3053968361,1018.78160048128,780310.6754457363,551,22.324308,0.016,1.0,0.016,1.0,3.366
323,323,51633,20,hybrid,1000,216,Gambia,gamma,997225.7324514692,1240.0,996037.6014921446,777,22.236061,0.016,2.05,0.0327999999999999,1.0,7.228999999999999
325,325,51633,20,hybrid,1000,216,Gambia,beta,901782.591505048,1060.0,900904.75365097,780,22.259642,0.016,1.0,0.016,1.0,7.228999999999999
327,327,51633,20,hybrid,1000,216,Mozambique,beta,795281.887311952,1000.0,794188.2640973348,742,22.34286,0.016,1.0,0.016,1.0,3.366
328,328,51633,20,hybrid,1000,216,Gambia,beta,898078.5008737274,926.1917364224,897115.0190276954,592,22.133812,0.016,1.0,0.016,1.0,7.228999999999999
330,330,51633,20,hybrid,1000,216,Mozambique,beta,785805.5507455979,1167.43008370688,784628.8333947302,69,22.316826,0.016,1.0,0.016,1.0,3.366
334,334,51633,20,hybrid,1000,216,Gambia,alpha,981146.2454899034,1040.0,979952.377609072,289,22.189835,0.016,1.67,0.02672,1.0,7.228999999999999
336,336,51633,20,hybrid,1000,216,Gambia,alpha,977939.9256168396,940.0,977140.9361541366,704,22.04111,0.016,1.67,0.02672,1.0,7.228999999999999
337,337,51633,20,hybrid,1000,216,Gambia,gamma,999518.7994564816,1160.0,998482.873459272,872,22.171707,0.016,2.05,0.0327999999999999,1.0,7.228999999999999
339,339,51633,20,hybrid,1000,216,Gambia,alpha,982087.51596247,1220.0,981062.1810151918,991,22.182148,0.016,1.67,0.02672,1.0,7.228999999999999
345,345,51633,20,hybrid,1000,216,Gambia,alpha,983064.5573695614,1080.0,982015.7050908228,903,22.216335,0.016,1.67,0.02672,1.0,7.228999999999999
346,346,51633,20,hybrid,1000,216,Mozambique,gamma,955337.1009023436,1220.0,954343.0871027238,730,22.276892,0.016,2.05,0.0327999999999999,1.0,3.366
347,347,51633,20,hybrid,1000,216,Mozambique,beta,788886.847838688,878.4884258895036,788355.879598378,514,22.430096,0.016,1.0,0.016,1.0,3.366
352,352,51633,20,hybrid,1000,216,Mozambique,alpha,924875.3006318106,1160.0,923765.3296119104,215,22.367329,0.016,1.67,0.02672,1.0,3.366
354,354,51633,20,hybrid,1000,216,Mozambique,beta,788755.6649896568,1080.0,787764.3285183609,52,22.294456,0.016,1.0,0.016,1.0,3.366
355,355,51633,20,hybrid,1000,216,Gambia,alpha,979856.409110029,680.0,979050.0061690174,690,22.189903,0.016,1.67,0.02672,1.0,7.228999999999999
356,356,51633,20,hybrid,1000,216,Mozambique,beta,782668.8283205042,1100.0,781832.6094140693,566,22.261736,0.016,1.0,0.016,1.0,3.366
358,358,51633,20,hybrid,1000,216,Gambia,alpha,980811.7698772092,1320.0,979599.7152365797,677,22.22749,0.016,1.67,0.02672,1.0,7.228999999999999
359,359,51633,20,hybrid,1000,216,Gambia,alpha,979808.8485827824,980.0,978675.0580702906,321,22.29802,0.016,1.67,0.02672,1.0,7.228999999999999
362,362,51633,20,hybrid,1000,216,Mozambique,beta,789954.6498164632,940.0,789015.5362685666,499,22.325794,0.016,1.0,0.016,1.0,3.366
366,366,51633,20,hybrid,1000,216,Mozambique,beta,784597.4682852792,800.0,783453.3898443843,275,22.335474,0.016,1.0,0.016,1.0,3.366
369,369,51633,20,hybrid,1000,216,Mozambique,beta,778402.2166877993,900.0,777809.3787357364,580,22.337866,0.016,1.0,0.016,1.0,3.366
370,370,51633,20,hybrid,1000,216,Gambia,alpha,980542.1170673684,1280.0,979408.1077030968,561,22.160301,0.016,1.67,0.02672,1.0,7.228999999999999
371,371,51633,20,hybrid,1000,216,Gambia,alpha,978455.1781997774,1060.0,977563.1104704848,54,22.247332,0.016,1.67,0.02672,1.0,7.228999999999999
374,374,51633,20,hybrid,1000,216,Mozambique,beta,782785.5274898678,1260.0,781529.9864964313,58,22.260082,0.016,1.0,0.016,1.0,3.366
375,375,51633,20,hybrid,1000,216,Gambia,alpha,979936.7912140172,1080.0,978797.0285090904,486,22.171722,0.016,1.67,0.02672,1.0,7.228999999999999
377,377,51633,20,hybrid,1000,216,Gambia,beta,898737.0243675667,1120.0,897939.6097111165,809,22.232262,0.016,1.0,0.016,1.0,7.228999999999999
380,380,51633,20,hybrid,1000,216,Gambia,alpha,980947.5251271736,820.0,979988.586005101,292,22.171282,0.016,1.67,0.02672,1.0,7.228999999999999
381,381,51633,20,hybrid,1000,216,Mozambique,beta,780143.0260893453,995.4070215745865,778988.2737832237,662,22.173206,0.016,1.0,0.016,1.0,3.366
384,384,51633,20,hybrid,1000,216,Gambia,alpha,982813.6098985936,1120.0,981882.2613875248,792,22.24641,0.016,1.67,0.02672,1.0,7.228999999999999
385,385,51633,20,hybrid,1000,216,Mozambique,alpha,922488.739268144,1180.0000000000002,921388.1104235996,282,22.251251,0.016,1.67,0.02672,1.0,3.366
388,388,51633,20,hybrid,1000,216,Gambia,beta,899443.6964581818,1200.0,898084.1773014996,357,22.254524,0.016,1.0,0.016,1.0,7.228999999999999
392,392,51633,20,hybrid,1000,216,Gambia,beta,900856.5800019978,1020.0,900202.2134640381,244,22.313774,0.016,1.0,0.016,1.0,7.228999999999999
395,395,51633,20,hybrid,1000,216,Mozambique,beta,784703.5085344701,1300.0,783216.0652004145,132,22.233118,0.016,1.0,0.016,1.0,3.366
396,396,51633,20,hybrid,1000,216,Mozambique,beta,788113.1565801615,1060.0,786950.5555439009,813,22.268883,0.016,1.0,0.016,1.0,3.366
398,398,51633,20,hybrid,1000,216,Mozambique,beta,778468.604123393,1206.1917364224,777274.1420651599,873,22.110828,0.016,1.0,0.016,1.0,3.366
399,399,51633,20,hybrid,1000,216,Mozambique,beta,780673.2407271476,1322.985984,778953.9107212285,90,22.274473,0.016,1.0,0.016,1.0,3.366
402,402,51633,20,hybrid,1000,216,Gambia,beta,903561.4833539244,1020.0,902444.0348717496,767,22.199572,0.016,1.0,0.016,1.0,7.228999999999999
406,406,51633,20,hybrid,1000,216,Gambia,alpha,980605.306047236,960.0,979786.5320163034,536,22.227732,0.016,1.67,0.02672,1.0,7.228999999999999
409,409,51633,20,hybrid,1000,216,Gambia,alpha,980137.023541067,920.0,979381.3379109928,239,22.138906,0.016,1.67,0.02672,1.0,7.228999999999999
412,412,51633,20,hybrid,1000,216,Gambia,alpha,980598.852954885,1200.0,979758.2591288284,815,22.192371,0.016,1.67,0.02672,1.0,7.228999999999999
414,414,51633,20,hybrid,1000,216,Gambia,gamma,998056.3365583736,1037.1694240168536,997220.2979107331,580,22.250154,0.016,2.05,0.0327999999999999,1.0,7.228999999999999
415,415,51633,20,hybrid,1000,216,Gambia,alpha,979662.5819386544,1260.0,978474.117484096,666,22.142664,0.016,1.67,0.02672,1.0,7.228999999999999
417,417,51633,20,hybrid,1000,216,Gambia,alpha,980409.530785112,1140.0,979001.4103248728,942,22.145363,0.016,1.67,0.02672,1.0,7.228999999999999
419,419,51633,20,hybrid,1000,216,Gambia,alpha,980734.3373837871,960.0,980033.0237154914,81,22.364283,0.016,1.67,0.02672,1.0,7.228999999999999
420,420,51633,20,hybrid,1000,216,Mozambique,beta,781635.3178039198,880.0,781403.3499000209,670,22.256237,0.016,1.0,0.016,1.0,3.366
426,426,51633,20,hybrid,1000,216,Mozambique,beta,779219.7480898607,1022.0736,778261.0412262739,998,22.208881,0.016,1.0,0.016,1.0,3.366
428,428,51633,20,hybrid,1000,216,Mozambique,beta,783737.4972435404,1040.0,782587.9262323945,270,22.27317,0.016,1.0,0.016,1.0,3.366
433,433,51633,20,hybrid,1000,216,Gambia,alpha,980411.8996983644,1080.0,979180.3710978986,51,22.194092,0.016,1.67,0.02672,1.0,7.228999999999999
435,435,51633,20,hybrid,1000,216,Mozambique,beta,785929.3956033925,1115.4070215745865,784585.2779297956,801,22.319479,0.016,1.0,0.016,1.0,3.366
436,436,51633,20,hybrid,1000,216,Gambia,alpha,982515.4563848728,1200.0,981428.5599067234,691,22.131168,0.016,1.67,0.02672,1.0,7.228999999999999
437,437,51633,20,hybrid,1000,216,Mozambique,beta,787757.747814682,1112.8391846454888,786965.6126232643,104,22.412348,0.016,1.0,0.016,1.0,3.366
438,438,51633,20,hybrid,1000,216,Mozambique,beta,789247.1664654249,1180.0,788068.1121884697,305,22.326982,0.016,1.0,0.016,1.0,3.366
440,440,51633,20,hybrid,1000,216,Gambia,alpha,979245.9925088724,1080.0,978020.6881002436,980,22.116991,0.016,1.67,0.02672,1.0,7.228999999999999
441,441,51633,20,hybrid,1000,216,Mozambique,beta,789512.8222601025,990.6993205379072,788681.9233609503,214,22.308025,0.016,1.0,0.016,1.0,3.366
442,442,51633,20,hybrid,1000,216,Mozambique,alpha,924004.6838479984,1020.0,922987.0636515068,619,22.241692,0.016,1.67,0.02672,1.0,3.366
443,443,51633,20,hybrid,1000,216,Mozambique,gamma,949787.5748590868,1260.0,948760.7554301288,540,22.278149,0.016,2.05,0.0327999999999999,1.0,3.366
444,444,51633,20,hybrid,1000,216,Mozambique,beta,782394.6765537781,1060.0,781119.0128037793,419,22.226217,0.016,1.0,0.016,1.0,3.366
448,448,51633,20,hybrid,1000,216,Mozambique,gamma,954476.8852430698,1220.0,953592.5592149145,781,22.30034,0.016,2.05,0.0327999999999999,1.0,3.366
450,450,51633,20,hybrid,1000,216,Gambia,alpha,980341.5040120098,1000.0,979427.8549808478,967,22.244541,0.016,1.67,0.02672,1.0,7.228999999999999
452,452,51633,20,hybrid,1000,216,Gambia,beta,900412.0526987838,1060.0,899162.3586850822,191,22.387274,0.016,1.0,0.016,1.0,7.228999999999999
453,453,51633,20,hybrid,1000,216,Gambia,gamma,997493.8484152192,820.0,996558.2567764224,78,22.20116,0.016,2.05,0.0327999999999999,1.0,7.228999999999999
455,455,51633,20,hybrid,1000,216,Mozambique,beta,786487.9323443901,927.1369222414664,785240.2966076969,652,22.183897,0.016,1.0,0.016,1.0,3.366
460,460,51633,20,hybrid,1000,216,Mozambique,beta,783552.9808593881,1060.0,782485.2682980741,312,22.17772,0.016,1.0,0.016,1.0,3.366
461,461,51633,20,hybrid,1000,216,Mozambique,beta,781577.2962816745,1172.8391846454888,780108.6038102868,927,22.44238,0.016,1.0,0.016,1.0,3.366
462,462,51633,20,hybrid,1000,216,Gambia,alpha,982191.3357403334,1380.0,980937.4095638297,443,22.223793,0.016,1.67,0.02672,1.0,7.228999999999999
465,465,51633,20,hybrid,1000,216,Mozambique,beta,784515.4284263582,1005.159780352,783404.2967989089,711,22.372915,0.016,1.0,0.016,1.0,3.366
467,467,51633,20,hybrid,1000,216,Mozambique,beta,783788.963929136,1168.916100448256,782692.5156561969,59,22.234632,0.016,1.0,0.016,1.0,3.366
468,468,51633,20,hybrid,1000,216,Mozambique,beta,792427.6438232906,840.0,791469.8375782956,33,22.356543,0.016,1.0,0.016,1.0,3.366
471,471,51633,20,hybrid,1000,216,Gambia,alpha,979969.2301028592,1240.0,979113.5311892076,192,22.164406,0.016,1.67,0.02672,1.0,7.228999999999999
472,472,51633,20,hybrid,1000,216,Mozambique,beta,785515.1286154914,1272.8391846454888,784974.5699691311,37,22.114517,0.016,1.0,0.016,1.0,3.366
473,473,51633,20,hybrid,1000,216,Gambia,alpha,980802.5942982142,1180.0,979589.4612232752,599,22.208778,0.016,1.67,0.02672,1.0,7.228999999999999
474,474,51633,20,hybrid,1000,216,Mozambique,gamma,953439.6579606445,1240.0,952085.4277032932,376,22.323826,0.016,2.05,0.0327999999999999,1.0,3.366
475,475,51633,20,hybrid,1000,216,Mozambique,beta,783198.1070527746,1060.0,781652.223766251,392,22.275957,0.016,1.0,0.016,1.0,3.366
489,489,51633,20,hybrid,1000,216,Gambia,alpha,983331.6546771136,1200.0,982168.7986300891,302,22.283012,0.016,1.67,0.02672,1.0,7.228999999999999
490,490,51633,20,hybrid,1000,216,Gambia,delta,1002393.6327883088,1100.0,1001495.1926543922,572,22.134829,0.016,2.2,0.0352,1.0,7.228999999999999
492,492,51633,20,hybrid,1000,216,Gambia,alpha,981083.9422558995,1060.0,979872.9824988733,526,22.203175,0.016,1.67,0.02672,1.0,7.228999999999999
493,493,51633,20,hybrid,1000,216,Mozambique,beta,781944.5800222789,1260.0,781106.2442853232,140,22.338642,0.016,1.0,0.016,1.0,3.366
497,497,51633,20,hybrid,1000,216,Mozambique,beta,786659.0386484636,860.0,785880.488557216,783,22.202917,0.016,1.0,0.016,1.0,3.366
500,500,51633,20,hybrid,1000,216,Gambia,alpha,981917.2616525118,820.0,981172.19999408,36,22.183853,0.016,1.67,0.02672,1.0,7.228999999999999
501,501,51633,20,hybrid,1000,216,Mozambique,beta,775158.7359004357,960.0,773977.8000919102,540,22.278149,0.016,1.0,0.016,1.0,3.366
502,502,51633,20,hybrid,1000,216,Mozambique,beta,785232.1659189498,1000.0,784337.6365508208,227,22.19715,0.016,1.0,0.016,1.0,3.366
503,503,51633,20,hybrid,1000,216,Mozambique,beta,786017.8425334601,1108.916100448256,784664.8716081982,293,22.324766,0.016,1.0,0.016,1.0,3.366
504,504,51633,20,hybrid,1000,216,Gambia,gamma,997741.985651922,1120.0,996528.7931907,977,22.177444,0.016,2.05,0.0327999999999999,1.0,7.228999999999999
505,505,51633,20,hybrid,1000,216,Mozambique,beta,775804.3922541665,1160.0,774235.2114908866,970,22.296583,0.016,1.0,0.016,1.0,3.366
506,506,51633,20,hybrid,1000,216,Mozambique,beta,788120.918752437,920.0,787019.5281237139,487,22.148958,0.016,1.0,0.016,1.0,3.366
507,507,51633,20,hybrid,1000,216,Gambia,alpha,979965.8447206892,1080.0,978906.694544132,966,22.152008,0.016,1.67,0.02672,1.0,7.228999999999999
508,508,51633,20,hybrid,1000,216,Gambia,alpha,979707.1556258092,1400.0,978433.4131492462,757,22.17028,0.016,1.67,0.02672,1.0,7.228999999999999
510,510,51633,20,hybrid,1000,216,Mozambique,beta,784563.4289597042,907.43008370688,783950.9583726538,941,22.371128,0.016,1.0,0.016,1.0,3.366
511,511,51633,20,hybrid,1000,216,Mozambique,gamma,947023.1721255372,1320.0,945512.5970902122,969,22.279362,0.016,2.05,0.0327999999999999,1.0,3.366
517,517,51633,20,hybrid,1000,216,Mozambique,beta,781512.8902550843,1280.0,780298.4581664726,542,22.399992,0.016,1.0,0.016,1.0,3.366
519,519,51633,20,hybrid,1000,216,Gambia,alpha,980855.1823426688,1100.0,979888.530406964,350,22.200281,0.016,1.67,0.02672,1.0,7.228999999999999
525,525,51633,20,hybrid,1000,216,Mozambique,beta,776595.9666927683,1003.5831808,775221.4151133853,163,22.314423,0.016,1.0,0.016,1.0,3.366
529,529,51633,20,hybrid,1000,216,Mozambique,beta,785515.1286154914,1272.8391846454888,784974.5699691311,37,22.114517,0.016,1.0,0.016,1.0,3.366
530,530,51633,20,hybrid,1000,216,Gambia,alpha,981238.3197498766,920.0,980306.3214919184,256,22.112385,0.016,1.67,0.02672,1.0,7.228999999999999
531,531,51633,20,hybrid,1000,216,Mozambique,beta,781555.9963734394,1106.1063421124936,780509.7672678836,882,22.31605,0.016,1.0,0.016,1.0,3.366
536,536,51633,20,hybrid,1000,216,Mozambique,beta,782420.6265279073,1060.0,781567.3650944917,672,22.263048,0.016,1.0,0.016,1.0,3.366
537,537,51633,20,hybrid,1000,216,Mozambique,beta,786195.0845536663,1063.538505183396,785698.7185923829,895,22.169155,0.016,1.0,0.016,1.0,3.366
539,539,51633,20,hybrid,1000,216,Mozambique,beta,784202.267912275,1140.0,783231.1423602423,773,22.222206,0.016,1.0,0.016,1.0,3.366
540,540,51633,20,hybrid,1000,216,Mozambique,beta,785247.424729191,1106.1917364224,784156.579047006,189,22.312534,0.016,1.0,0.016,1.0,3.366
541,541,51633,20,hybrid,1000,216,Gambia,delta,1004287.4348427416,1000.0,1003375.2260524692,693,22.205051,0.016,2.2,0.0352,1.0,7.228999999999999
542,542,51633,20,hybrid,1000,216,Mozambique,beta,789590.5082027359,950.6993205379072,788850.7356229725,606,22.32695,0.016,1.0,0.016,1.0,3.366
543,543,51633,20,hybrid,1000,216,Gambia,alpha,981490.7739324776,1040.0,980432.9118758388,461,22.115498,0.016,1.67,0.02672,1.0,7.228999999999999
547,547,51633,20,hybrid,1000,216,Gambia,alpha,979674.6075707452,1180.0,978530.3477315146,924,22.097904,0.016,1.67,0.02672,1.0,7.228999999999999
548,548,51633,20,hybrid,1000,216,Mozambique,beta,778608.1782581187,920.0,777734.0057788901,960,22.330431,0.016,1.0,0.016,1.0,3.366
549,549,51633,20,hybrid,1000,216,Mozambique,alpha,917251.2557007412,1080.0,916490.6345462408,791,22.321941,0.016,1.67,0.02672,1.0,3.366
557,557,51633,20,hybrid,1000,216,Mozambique,beta,782420.6265279073,1060.0,781567.3650944917,672,22.263048,0.016,1.0,0.016,1.0,3.366
559,559,51633,20,hybrid,1000,216,Mozambique,beta,782394.6765537781,1060.0,781119.0128037793,419,22.226217,0.016,1.0,0.016,1.0,3.366
560,560,51633,20,hybrid,1000,216,Gambia,alpha,980574.0398737416,1400.0,979188.0503377178,779,22.178333,0.016,1.67,0.02672,1.0,7.228999999999999
561,561,51633,20,hybrid,1000,216,Gambia,alpha,980054.056219202,960.0,979216.9865533984,968,22.244614,0.016,1.67,0.02672,1.0,7.228999999999999
563,563,51633,20,hybrid,1000,216,Mozambique,beta,783539.7979923809,1120.0,782599.8028031107,221,22.377012,0.016,1.0,0.016,1.0,3.366
564,564,51633,20,hybrid,1000,216,Gambia,alpha,982555.031026268,1060.0,981428.0120993952,828,22.15402,0.016,1.67,0.02672,1.0,7.228999999999999
566,566,51633,20,hybrid,1000,216,Mozambique,beta,787113.0445925358,1120.0,785922.3076620242,545,22.255018,0.016,1.0,0.016,1.0,3.366
569,569,51633,20,hybrid,1000,216,Gambia,alpha,979969.6918611972,960.0,978751.6508929416,125,22.260618,0.016,1.67,0.02672,1.0,7.228999999999999
570,570,51633,20,hybrid,1000,216,Gambia,delta,1003487.3396259648,1040.0,1002382.529862434,273,22.259617,0.016,2.2,0.0352,1.0,7.228999999999999
573,573,51633,20,hybrid,1000,216,Mozambique,gamma,949315.9110270718,1260.0,948217.725174803,369,22.312412,0.016,2.05,0.0327999999999999,1.0,3.366
574,574,51633,20,hybrid,1000,216,Gambia,gamma,998601.9491980936,1080.0,997583.8207741284,965,22.237001,0.016,2.05,0.0327999999999999,1.0,7.228999999999999
576,576,51633,20,hybrid,1000,216,Mozambique,beta,788078.6903360758,1000.0,786985.1742603553,22,22.411745,0.016,1.0,0.016,1.0,3.366
578,578,51633,20,hybrid,1000,216,Mozambique,beta,782122.9149505025,1240.0,780801.125421037,172,22.282717,0.016,1.0,0.016,1.0,3.366
579,579,51633,20,hybrid,1000,216,Mozambique,beta,781049.2240320569,920.0,780312.885664636,462,22.277628,0.016,1.0,0.016,1.0,3.366
582,582,51633,20,hybrid,1000,216,Mozambique,beta,778446.956842137,920.0,777414.6907037073,410,22.216051,0.016,1.0,0.016,1.0,3.366
583,583,51633,20,hybrid,1000,216,Mozambique,beta,789778.3684501911,1040.0,788464.7393693503,756,22.295025,0.016,1.0,0.016,1.0,3.366
585,585,51633,20,hybrid,1000,216,Gambia,alpha,978701.0006619622,1200.0,977494.0199166812,352,22.117647,0.016,1.67,0.02672,1.0,7.228999999999999
586,586,51633,20,hybrid,1000,216,Mozambique,beta,791200.7205448658,1240.0,790431.0129808284,425,22.296255,0.016,1.0,0.016,1.0,3.366
587,587,51633,20,hybrid,1000,216,Mozambique,delta,963237.0191353572,1380.0,962029.1987871416,486,22.248274,0.016,2.2,0.0352,1.0,3.366
589,589,51633,20,hybrid,1000,216,Mozambique,beta,782508.9380161444,840.0,781644.7171155491,317,22.236244,0.016,1.0,0.016,1.0,3.366
590,590,51633,20,hybrid,1000,216,Gambia,delta,1001688.0052433676,940.0,1000579.9968946478,436,22.228083,0.016,2.2,0.0352,1.0,7.228999999999999
592,592,51633,20,hybrid,1000,216,Gambia,alpha,980601.6130557064,1060.0,979498.209033604,922,22.038794,0.016,1.67,0.02672,1.0,7.228999999999999
595,595,51633,20,hybrid,1000,216,Gambia,alpha,981838.2175432376,1180.0,980564.6460450182,157,22.25577,0.016,1.67,0.02672,1.0,7.228999999999999
597,597,51633,20,hybrid,1000,216,Gambia,alpha,979558.8120465502,1060.0,978634.5821006696,41,22.211716,0.016,1.67,0.02672,1.0,7.228999999999999
600,600,51633,20,hybrid,1000,216,Mozambique,alpha,921205.269336654,1160.0,920235.0361977414,763,22.44965,0.016,1.67,0.02672,1.0,3.366
601,601,51633,20,hybrid,1000,216,Gambia,alpha,981726.170400156,900.0,981019.235225322,340,22.155777,0.016,1.67,0.02672,1.0,7.228999999999999
603,603,51633,20,hybrid,1000,216,Mozambique,beta,785147.7884833954,840.0,784265.5781319421,211,22.29009,0.016,1.0,0.016,1.0,3.366
604,604,51633,20,hybrid,1000,216,Mozambique,beta,785190.4705240844,1020.0,784132.1532368783,828,22.236465,0.016,1.0,0.016,1.0,3.366
607,607,51633,20,hybrid,1000,216,Gambia,gamma,996527.090771347,760.0,995669.793985992,332,22.272297,0.016,2.05,0.0327999999999999,1.0,7.228999999999999
612,612,51633,20,hybrid,1000,216,Mozambique,beta,784047.750978638,1024.29981696,783236.7107439416,618,22.217222,0.016,1.0,0.016,1.0,3.366
615,615,51633,20,hybrid,1000,216,Mozambique,beta,780981.3888262841,960.0,779800.7792459128,675,22.224077,0.016,1.0,0.016,1.0,3.366
617,617,51633,20,hybrid,1000,216,Mozambique,beta,787911.4912328271,905.159780352,786740.5926996619,583,22.22698,0.016,1.0,0.016,1.0,3.366
619,619,51633,20,hybrid,1000,216,Gambia,alpha,977687.854046975,1140.0,976612.9951529908,458,22.05793,0.016,1.67,0.02672,1.0,7.228999999999999
621,621,51633,20,hybrid,1000,216,Mozambique,beta,785135.9124037039,1020.0,784047.9775260319,377,22.238619,0.016,1.0,0.016,1.0,3.366
622,622,51633,20,hybrid,1000,216,Gambia,alpha,982010.020532766,1000.0,981024.4115697566,132,22.150267,0.016,1.67,0.02672,1.0,7.228999999999999
623,623,51633,20,hybrid,1000,216,Mozambique,beta,783703.5345465242,920.0,782655.3026654334,909,22.289019,0.016,1.0,0.016,1.0,3.366
624,624,51633,20,hybrid,1000,216,Gambia,gamma,997263.401215976,1224.265905101125,996061.5495579808,696,22.155497,0.016,2.05,0.0327999999999999,1.0,7.228999999999999
626,626,51633,20,hybrid,1000,216,Mozambique,delta,962637.2932725968,1420.0,960971.94897187,175,22.323893,0.016,2.2,0.0352,1.0,3.366
628,628,51633,20,hybrid,1000,216,Gambia,alpha,979181.2837880864,1200.0,978216.1347693912,240,22.09863,0.016,1.67,0.02672,1.0,7.228999999999999
630,630,51633,20,hybrid,1000,216,Mozambique,beta,781960.9994432506,1180.0,780696.1852236184,692,22.415272,0.016,1.0,0.016,1.0,3.366
634,634,51633,20,hybrid,1000,216,Gambia,alpha,981198.440020752,1020.0,980193.3604658142,188,22.236225,0.016,1.67,0.02672,1.0,7.228999999999999
638,638,51633,20,hybrid,1000,216,Mozambique,beta,781287.3949532008,840.0,780198.3492349405,647,22.213938,0.016,1.0,0.016,1.0,3.366
639,639,51633,20,hybrid,1000,216,Gambia,alpha,978107.1051843856,940.0,977029.853724903,313,22.196226,0.016,1.67,0.02672,1.0,7.228999999999999
640,640,51633,20,hybrid,1000,216,Mozambique,beta,788531.1330633546,1120.0,787354.2749932248,635,22.384869,0.016,1.0,0.016,1.0,3.366
641,641,51633,20,hybrid,1000,216,Gambia,alpha,977939.9256168396,940.0,977140.9361541366,704,22.04111,0.016,1.67,0.02672,1.0,7.228999999999999
644,644,51633,20,hybrid,1000,216,Mozambique,beta,775804.3922541665,1160.0,774235.2114908866,970,22.296583,0.016,1.0,0.016,1.0,3.366
646,646,51633,20,hybrid,1000,216,Gambia,alpha,979067.0086804426,1020.0,978155.1463107168,498,22.212112,0.016,1.67,0.02672,1.0,7.228999999999999
647,647,51633,20,hybrid,1000,216,Gambia,alpha,980267.319635509,1000.0,979036.2424633176,229,22.202726,0.016,1.67,0.02672,1.0,7.228999999999999
648,648,51633,20,hybrid,1000,216,Gambia,delta,1003041.587122022,960.0,1002139.6422787549,468,21.998266,0.016,2.2,0.0352,1.0,7.228999999999999
650,650,51633,20,hybrid,1000,216,Gambia,alpha,983681.221948208,1260.0,982522.5855071878,505,22.286407,0.016,1.67,0.02672,1.0,7.228999999999999
651,651,51633,20,hybrid,1000,216,Mozambique,beta,781747.5653580488,1110.6993205379072,780832.0760823637,405,22.155869,0.016,1.0,0.016,1.0,3.366
653,653,51633,20,hybrid,1000,216,Mozambique,beta,784802.3791679483,1179.0309210678886,783669.8383259452,584,22.344482,0.016,1.0,0.016,1.0,3.366
654,654,51633,20,hybrid,1000,216,Mozambique,beta,783460.4997131879,1000.0,782077.7523891567,523,22.290403,0.016,1.0,0.016,1.0,3.366
655,655,51633,20,hybrid,1000,216,Gambia,alpha,979881.0601195024,1160.0,978683.0724709668,347,22.165424,0.016,1.67,0.02672,1.0,7.228999999999999
656,656,51633,20,hybrid,1000,216,Gambia,beta,903021.5725449284,920.0,901805.1092545995,825,22.179167,0.016,1.0,0.016,1.0,7.228999999999999
657,657,51633,20,hybrid,1000,216,Mozambique,beta,783672.9628994553,1078.4884258895036,782876.0989816627,762,22.233198,0.016,1.0,0.016,1.0,3.366
658,658,51633,20,hybrid,1000,216,Mozambique,gamma,951121.9304949084,1260.0,949836.4667405492,170,22.21445,0.016,2.05,0.0327999999999999,1.0,3.366
669,669,51633,20,hybrid,1000,216,Mozambique,beta,782126.883628192,940.0,780913.7844977141,987,22.298172,0.016,1.0,0.016,1.0,3.366
670,670,51633,20,hybrid,1000,216,Mozambique,beta,780855.5395698508,976.8910569603072,779944.9365320472,261,22.278545,0.016,1.0,0.016,1.0,3.366
671,671,51633,20,hybrid,1000,216,Mozambique,beta,776438.5705262291,940.0,775330.2060167593,248,22.250704,0.016,1.0,0.016,1.0,3.366
674,674,51633,20,hybrid,1000,216,Gambia,alpha,980286.0020429768,1080.0,979186.7173023808,477,22.077564,0.016,1.67,0.02672,1.0,7.228999999999999
677,677,51633,20,hybrid,1000,216,Gambia,alpha,979532.6598943396,920.0,978644.3933527194,890,22.235321,0.016,1.67,0.02672,1.0,7.228999999999999
683,683,51633,20,hybrid,1000,216,Gambia,beta,898058.8970503468,980.0,896794.4501140103,631,22.119183,0.016,1.0,0.016,1.0,7.228999999999999
686,686,51633,20,hybrid,1000,216,Gambia,beta,898305.5569016945,1120.0,897059.4567099761,582,22.27237,0.016,1.0,0.016,1.0,7.228999999999999
687,687,51633,20,hybrid,1000,216,Gambia,delta,1003009.098830084,1160.0,1001947.2465836256,176,22.21526,0.016,2.2,0.0352,1.0,7.228999999999999
692,692,51633,20,hybrid,1000,216,Gambia,delta,1000639.6419275188,1000.0,999519.8018160702,376,22.239124,0.016,2.2,0.0352,1.0,7.228999999999999
693,693,51633,20,hybrid,1000,216,Gambia,alpha,982406.28030256,1160.0,981165.7380276666,845,22.34468,0.016,1.67,0.02672,1.0,7.228999999999999
695,695,51633,20,hybrid,1000,216,Gambia,gamma,1000152.8846977476,960.0,998972.9418691596,179,22.074528,0.016,2.05,0.0327999999999999,1.0,7.228999999999999
697,697,51633,20,hybrid,1000,216,Gambia,alpha,982101.5802848724,1060.0,981152.4124122788,168,22.241533,0.016,1.67,0.02672,1.0,7.228999999999999
699,699,51633,20,hybrid,1000,216,Mozambique,beta,784179.3830780702,1140.0,782585.6884379748,502,22.303242,0.016,1.0,0.016,1.0,3.366
700,700,51633,20,hybrid,1000,216,Mozambique,beta,785143.3328784864,1127.43008370688,783901.3691932911,959,22.290672,0.016,1.0,0.016,1.0,3.366
705,705,51633,20,hybrid,1000,216,Gambia,alpha,979788.6597891048,1120.0,978695.666650755,388,22.193491,0.016,1.67,0.02672,1.0,7.228999999999999
707,707,51633,20,hybrid,1000,216,Gambia,beta,903703.8350012462,960.0,902868.5502682268,977,22.177444,0.016,1.0,0.016,1.0,7.228999999999999
708,708,51633,20,hybrid,1000,216,Gambia,alpha,979329.6782453848,980.0,978423.802654912,491,22.06755,0.016,1.67,0.02672,1.0,7.228999999999999
710,710,51633,20,hybrid,1000,216,Mozambique,beta,787673.3477234459,1120.0,786687.9466577793,619,22.241692,0.016,1.0,0.016,1.0,3.366
711,711,51633,20,hybrid,1000,216,Gambia,alpha,981865.8636912804,1100.0,980763.3094627796,419,22.147223,0.016,1.67,0.02672,1.0,7.228999999999999
712,712,51633,20,hybrid,1000,216,Gambia,beta,897165.651814505,1040.0,896100.5670265619,41,22.211716,0.016,1.0,0.016,1.0,7.228999999999999
713,713,51633,20,hybrid,1000,216,Gambia,gamma,997218.4167281376,980.0,996440.778241867,196,22.027746,0.016,2.05,0.0327999999999999,1.0,7.228999999999999
715,715,51633,20,hybrid,1000,216,Gambia,alpha,978949.862323177,1200.0,977716.7143113242,905,22.29528,0.016,1.67,0.02672,1.0,7.228999999999999
716,716,51633,20,hybrid,1000,216,Mozambique,beta,781361.0605940017,1005.159780352,780518.2882741616,973,22.362923,0.016,1.0,0.016,1.0,3.366
718,718,51633,20,hybrid,1000,216,Gambia,alpha,980137.6845459604,1020.0,979036.3788826008,926,22.267517,0.016,1.67,0.02672,1.0,7.228999999999999
720,720,51633,20,hybrid,1000,216,Mozambique,gamma,952310.3274532186,1414.2614340518028,950463.7010854284,321,22.371815,0.016,2.05,0.0327999999999999,1.0,3.366
721,721,51633,20,hybrid,1000,216,Gambia,alpha,980030.0481573814,960.0,979263.1484293644,20,22.183537,0.016,1.67,0.02672,1.0,7.228999999999999
724,724,51633,20,hybrid,1000,216,Mozambique,beta,771894.7308780446,995.4070215745865,770783.9434106288,702,22.227657,0.016,1.0,0.016,1.0,3.366
725,725,51633,20,hybrid,1000,216,Mozambique,beta,777660.2179201129,980.0,776641.7301218946,288,22.271515,0.016,1.0,0.016,1.0,3.366
726,726,51633,20,hybrid,1000,216,Gambia,alpha,980834.0077974044,1280.0,979748.69145425,525,22.134611,0.016,1.67,0.02672,1.0,7.228999999999999
727,727,51633,20,hybrid,1000,216,Mozambique,beta,780490.6848802399,1235.4070215745865,779244.7064762486,768,22.189894,0.016,1.0,0.016,1.0,3.366
729,729,51633,20,hybrid,1000,216,Gambia,alpha,979114.339140854,960.0,978198.9153001012,190,22.185356,0.016,1.67,0.02672,1.0,7.228999999999999
730,730,51633,20,hybrid,1000,216,Gambia,beta,901166.7334135805,1100.0,900348.9967843136,822,22.207363,0.016,1.0,0.016,1.0,7.228999999999999
734,734,51633,20,hybrid,1000,216,Gambia,alpha,979052.3926395578,1160.0,977771.8236747052,992,22.14872,0.016,1.67,0.02672,1.0,7.228999999999999
736,736,51633,20,hybrid,1000,216,Mozambique,gamma,952086.0913475016,1260.0,951046.9430235798,530,22.320677,0.016,2.05,0.0327999999999999,1.0,3.366
738,738,51633,20,hybrid,1000,216,Mozambique,beta,777999.9241685539,900.0,776864.8240166289,366,22.178646,0.016,1.0,0.016,1.0,3.366
740,740,51633,20,hybrid,1000,216,Mozambique,beta,785694.9056986162,1000.0,784790.565178405,872,22.25659,0.016,1.0,0.016,1.0,3.366
741,741,51633,20,hybrid,1000,216,Gambia,alpha,979768.055754657,1000.0,978807.2156877528,94,22.08454,0.016,1.67,0.02672,1.0,7.228999999999999
742,742,51633,20,hybrid,1000,216,Gambia,alpha,981891.438546249,1200.0,980952.3823865846,822,22.207363,0.016,1.67,0.02672,1.0,7.228999999999999
744,744,51633,20,hybrid,1000,216,Mozambique,beta,787528.6650837727,1060.0,786410.8695556187,598,22.321503,0.016,1.0,0.016,1.0,3.366
746,746,51633,20,hybrid,1000,216,Gambia,alpha,980595.2307597595,1100.0,979640.281392878,816,22.27729,0.016,1.67,0.02672,1.0,7.228999999999999
749,749,51633,20,hybrid,1000,216,Mozambique,beta,780700.4830551305,960.0,779193.5155615662,173,22.250347,0.016,1.0,0.016,1.0,3.366
750,750,51633,20,hybrid,1000,216,Mozambique,beta,777833.1105482222,1120.0,776822.9589841987,320,22.154291,0.016,1.0,0.016,1.0,3.366
752,752,51633,20,hybrid,1000,216,Mozambique,alpha,923317.6966579432,1160.0000000000002,921668.7585737545,110,22.144215,0.016,1.67,0.02672,1.0,3.366
754,754,51633,20,hybrid,1000,216,Gambia,gamma,999363.3980195776,980.0,998253.9374645352,38,22.234457,0.016,2.05,0.0327999999999999,1.0,7.228999999999999
755,755,51633,20,hybrid,1000,216,Gambia,gamma,997105.8553239316,1420.0,995563.2717969348,683,22.179445,0.016,2.05,0.0327999999999999,1.0,7.228999999999999
760,760,51633,20,hybrid,1000,216,Mozambique,beta,785927.4752395628,1380.0,784904.7114070524,755,22.237791,0.016,1.0,0.016,1.0,3.366
765,765,51633,20,hybrid,1000,216,Mozambique,gamma,949444.2374424974,1440.0,948308.5691241703,250,22.216257,0.016,2.05,0.0327999999999999,1.0,3.366
768,768,51633,20,hybrid,1000,216,Gambia,alpha,981979.4563581347,900.0,981143.1109285536,983,22.16546,0.016,1.67,0.02672,1.0,7.228999999999999
769,769,51633,20,hybrid,1000,216,Mozambique,beta,787042.1290279665,1140.0,785588.2923191185,183,22.388685,0.016,1.0,0.016,1.0,3.366
771,771,51633,20,hybrid,1000,216,Gambia,alpha,984243.5049860268,740.0,983358.8349858832,379,22.252556,0.016,1.67,0.02672,1.0,7.228999999999999
773,773,51633,20,hybrid,1000,216,Mozambique,beta,788311.4431464862,1206.1917364224,787625.2792780823,991,22.260878,0.016,1.0,0.016,1.0,3.366
777,777,51633,20,hybrid,1000,216,Gambia,gamma,999057.5020308098,1080.0000000000002,997908.47229845,247,22.204212,0.016,2.05,0.0327999999999999,1.0,7.228999999999999
779,779,51633,20,hybrid,1000,216,Gambia,alpha,979971.3982983225,852.281557640562,979161.94318436,207,22.199451,0.016,1.67,0.02672,1.0,7.228999999999999
781,781,51633,20,hybrid,1000,216,Gambia,alpha,981610.173422258,1140.0,980321.6761626818,939,22.096416,0.016,1.67,0.02672,1.0,7.228999999999999
782,782,51633,20,hybrid,1000,216,Gambia,alpha,977867.2451659382,1080.0,977075.2129744976,978,22.215618,0.016,1.67,0.02672,1.0,7.228999999999999
784,784,51633,20,hybrid,1000,216,Gambia,alpha,980955.555393502,840.0,980035.7030068216,280,22.129951,0.016,1.67,0.02672,1.0,7.228999999999999
787,787,51633,20,hybrid,1000,216,Mozambique,beta,779316.4255439143,855.4070215745863,778418.4477833426,144,22.228619,0.016,1.0,0.016,1.0,3.366
788,788,51633,20,hybrid,1000,216,Mozambique,beta,787111.3438550706,865.159780352,786097.653317217,601,22.283201,0.016,1.0,0.016,1.0,3.366
790,790,51633,20,hybrid,1000,216,Gambia,beta,896310.7029345187,1060.0,895336.3995460292,6,22.122866,0.016,1.0,0.016,1.0,7.228999999999999
793,793,51633,20,hybrid,1000,216,Gambia,delta,1003516.1255233524,1060.0,1002667.1206824996,380,22.074642,0.016,2.2,0.0352,1.0,7.228999999999999
794,794,51633,20,hybrid,1000,216,Mozambique,beta,791961.3876897248,820.0,791489.8393377489,591,22.350998,0.016,1.0,0.016,1.0,3.366
796,796,51633,20,hybrid,1000,216,Mozambique,beta,786364.5735207305,1184.29981696,784990.4934610649,169,22.408823,0.016,1.0,0.016,1.0,3.366
798,798,51633,20,hybrid,1000,216,Gambia,alpha,980716.0324479502,1080.0000000000002,979819.5956348302,144,22.149773,0.016,1.67,0.02672,1.0,7.228999999999999
801,801,51633,20,hybrid,1000,216,Mozambique,beta,790486.1660707267,866.1917364224,789462.0680678131,553,22.371181,0.016,1.0,0.016,1.0,3.366
802,802,51633,20,hybrid,1000,216,Gambia,alpha,981785.9816367443,1140.0,980445.667518556,849,22.392342,0.016,1.67,0.02672,1.0,7.228999999999999
803,803,51633,20,hybrid,1000,216,Mozambique,alpha,918666.833641669,1040.0,917437.8603266904,960,22.330431,0.016,1.67,0.02672,1.0,3.366
804,804,51633,20,hybrid,1000,216,Mozambique,delta,959397.7903233704,1360.0,958062.368968754,46,22.273214,0.016,2.2,0.0352,1.0,3.366
806,806,51633,20,hybrid,1000,216,Mozambique,beta,782394.6765537781,1060.0,781119.0128037793,419,22.226217,0.016,1.0,0.016,1.0,3.366
808,808,51633,20,hybrid,1000,216,Mozambique,beta,783703.5345465242,920.0,782655.3026654334,909,22.289019,0.016,1.0,0.016,1.0,3.366
811,811,51633,20,hybrid,1000,216,Mozambique,beta,782827.8880686059,1180.0,781565.7021373473,357,22.331152,0.016,1.0,0.016,1.0,3.366
812,812,51633,20,hybrid,1000,216,Gambia,alpha,982345.0401840318,1080.0,981541.4203291356,751,22.322433,0.016,1.67,0.02672,1.0,7.228999999999999
816,816,51633,20,hybrid,1000,216,Mozambique,alpha,921671.9067385488,1200.0,920735.3393407144,968,22.33013,0.016,1.67,0.02672,1.0,3.366
818,818,51633,20,hybrid,1000,216,Gambia,delta,1002772.675342262,1020.0,1001640.0549574656,594,22.028824,0.016,2.2,0.0352,1.0,7.228999999999999
819,819,51633,20,hybrid,1000,216,Gambia,alpha,979443.0367885558,960.0,978378.8341774438,442,22.083447,0.016,1.67,0.02672,1.0,7.228999999999999
821,821,51633,20,hybrid,1000,216,Gambia,alpha,980193.0762316462,1040.0,978942.388176874,389,22.123901,0.016,1.67,0.02672,1.0,7.228999999999999
822,822,51633,20,hybrid,1000,216,Gambia,alpha,980623.4926374704,1020.0,979573.1537734726,916,22.10035,0.016,1.67,0.02672,1.0,7.228999999999999
824,824,51633,20,hybrid,1000,216,Mozambique,beta,783251.6462874318,1105.159780352,782671.8921607421,133,22.227442,0.016,1.0,0.016,1.0,3.366
827,827,51633,20,hybrid,1000,216,Mozambique,beta,783216.5698484881,751.3515167744,782785.0616124852,192,22.247795,0.016,1.0,0.016,1.0,3.366
829,829,51633,20,hybrid,1000,216,Gambia,alpha,980553.635242134,880.0,979693.7425543568,891,22.196451,0.016,1.67,0.02672,1.0,7.228999999999999
830,830,51633,20,hybrid,1000,216,Gambia,alpha,982035.9949490846,1140.0,980785.0431217348,399,22.178305,0.016,1.67,0.02672,1.0,7.228999999999999
832,832,51633,20,hybrid,1000,216,Gambia,delta,999497.4601529428,1100.0,998214.9426942324,400,22.166306,0.016,2.2,0.0352,1.0,7.228999999999999
833,833,51633,20,hybrid,1000,216,Mozambique,beta,787408.2342222194,1338.4884258895036,786442.8788326948,868,22.202559,0.016,1.0,0.016,1.0,3.366
834,834,51633,20,hybrid,1000,216,Gambia,alpha,982444.5233096868,960.0,981366.030518506,40,22.180735,0.016,1.67,0.02672,1.0,7.228999999999999
835,835,51633,20,hybrid,1000,216,Mozambique,beta,782860.2078326889,962.985984,781937.4464251094,975,22.300087,0.016,1.0,0.016,1.0,3.366
845,845,51633,20,hybrid,1000,216,Gambia,alpha,980725.002820852,1040.0,979792.9583899702,48,22.178816,0.016,1.67,0.02672,1.0,7.228999999999999
846,846,51633,20,hybrid,1000,216,Mozambique,beta,794695.1670094642,984.29981696,793836.022966716,5,22.404842,0.016,1.0,0.016,1.0,3.366
853,853,51633,20,hybrid,1000,216,Mozambique,beta,781989.7279109202,1000.0,780747.7604102248,972,22.250734,0.016,1.0,0.016,1.0,3.366
854,854,51633,20,hybrid,1000,216,Gambia,alpha,979558.8120465502,1060.0,978634.5821006696,41,22.211716,0.016,1.67,0.02672,1.0,7.228999999999999
855,855,51633,20,hybrid,1000,216,Mozambique,beta,782187.2143430146,1000.0,781338.0605469777,867,22.278261,0.016,1.0,0.016,1.0,3.366
859,859,51633,20,hybrid,1000,216,Mozambique,beta,788205.1533646869,1300.0,787341.5435882038,466,22.271513,0.016,1.0,0.016,1.0,3.366
860,860,51633,20,hybrid,1000,216,Mozambique,beta,790301.7418549666,740.0,789264.9691524422,842,22.353594,0.016,1.0,0.016,1.0,3.366
861,861,51633,20,hybrid,1000,216,Gambia,alpha,979593.7564903372,1060.0,978866.2955728122,146,22.109428,0.016,1.67,0.02672,1.0,7.228999999999999
862,862,51633,20,hybrid,1000,216,Mozambique,delta,957989.2267715662,1360.0,956698.8501495708,952,22.34353,0.016,2.2,0.0352,1.0,3.366
863,863,51633,20,hybrid,1000,216,Mozambique,beta,787231.6012751877,860.0,786457.8545757778,765,22.2416,0.016,1.0,0.016,1.0,3.366
864,864,51633,20,hybrid,1000,216,Gambia,alpha,981980.3897510757,940.0,980697.4046171944,771,22.207647,0.016,1.67,0.02672,1.0,7.228999999999999
868,868,51633,20,hybrid,1000,216,Mozambique,beta,778887.4495984841,887.4300837068799,777976.8179272178,209,22.25216,0.016,1.0,0.016,1.0,3.366
870,870,51633,20,hybrid,1000,216,Mozambique,beta,781386.987027372,955.4070215745865,780092.13345606,498,22.296268,0.016,1.0,0.016,1.0,3.366
871,871,51633,20,hybrid,1000,216,Gambia,alpha,980740.7455615882,1160.0,979363.605881486,509,22.111479,0.016,1.67,0.02672,1.0,7.228999999999999
872,872,51633,20,hybrid,1000,216,Mozambique,alpha,915591.4989727616,1500.0,914142.1573744216,68,22.363745,0.016,1.67,0.02672,1.0,3.366
873,873,51633,20,hybrid,1000,216,Mozambique,gamma,953359.2850769794,960.0,952533.0971479402,42,22.20864,0.016,2.05,0.0327999999999999,1.0,3.366
874,874,51633,20,hybrid,1000,216,Gambia,alpha,980295.0312240472,1260.0,979090.2078077126,676,22.04443,0.016,1.67,0.02672,1.0,7.228999999999999
875,875,51633,20,hybrid,1000,216,Mozambique,beta,784008.2746578878,1000.0,782833.3476843999,149,22.277033,0.016,1.0,0.016,1.0,3.366
877,877,51633,20,hybrid,1000,216,Gambia,alpha,983319.9803447056,1240.0,982137.68744263,297,22.152113,0.016,1.67,0.02672,1.0,7.228999999999999
880,880,51633,20,hybrid,1000,216,Mozambique,beta,793795.0558577531,948.916100448256,792862.5234494449,685,22.422535,0.016,1.0,0.016,1.0,3.366
882,882,51633,20,hybrid,1000,216,Mozambique,delta,961021.3298215056,1220.0,959885.0732086282,465,22.296913,0.016,2.2,0.0352,1.0,3.366
884,884,51633,20,hybrid,1000,216,Gambia,alpha,983249.2837943734,800.0,982653.3815924264,513,22.204346,0.016,1.67,0.02672,1.0,7.228999999999999
889,889,51633,20,hybrid,1000,216,Mozambique,beta,783651.1522787563,1018.4884258895036,782971.3988870364,979,22.400095,0.016,1.0,0.016,1.0,3.366
890,890,51633,20,hybrid,1000,216,Mozambique,beta,788588.7328263348,840.0,787494.9498719473,237,22.321262,0.016,1.0,0.016,1.0,3.366
897,897,51633,20,hybrid,1000,216,Gambia,beta,900511.6434510375,980.0,899616.2302506428,899,22.184156,0.016,1.0,0.016,1.0,7.228999999999999
898,898,51633,20,hybrid,1000,216,Gambia,alpha,979558.8120465502,1060.0,978634.5821006696,41,22.211716,0.016,1.67,0.02672,1.0,7.228999999999999
899,899,51633,20,hybrid,1000,216,Mozambique,beta,784129.8669803669,1085.159780352,783065.6854832456,802,22.369438,0.016,1.0,0.016,1.0,3.366
901,901,51633,20,hybrid,1000,216,Mozambique,delta,962088.4735637323,1400.0,960712.02794423,829,22.250738,0.016,2.2,0.0352,1.0,3.366
902,902,51633,20,hybrid,1000,216,Gambia,alpha,983535.4988394396,940.0,982735.3386790282,129,22.238213,0.016,1.67,0.02672,1.0,7.228999999999999
903,903,51633,20,hybrid,1000,216,Mozambique,alpha,923002.705553485,1160.0,921845.4804125188,297,22.22542,0.016,1.67,0.02672,1.0,3.366
904,904,51633,20,hybrid,1000,216,Gambia,alpha,982444.5233096868,960.0,981366.030518506,40,22.180735,0.016,1.67,0.02672,1.0,7.228999999999999
905,905,51633,20,hybrid,1000,216,Mozambique,beta,790552.404811051,942.985984,789107.2164644133,420,22.309494,0.016,1.0,0.016,1.0,3.366
912,912,51633,20,hybrid,1000,216,Gambia,beta,900122.6576321935,880.0,899485.9297902584,312,22.101875,0.016,1.0,0.016,1.0,7.228999999999999
913,913,51633,20,hybrid,1000,216,Gambia,alpha,981098.9715952998,840.0,980276.5966670454,847,22.171606,0.016,1.67,0.02672,1.0,7.228999999999999
915,915,51633,20,hybrid,1000,216,Mozambique,beta,790655.8529500739,1040.0,789854.2203460057,693,22.296007,0.016,1.0,0.016,1.0,3.366
916,916,51633,20,hybrid,1000,216,Gambia,alpha,979047.1670364132,1020.0,978075.7214031954,287,22.093908,0.016,1.67,0.02672,1.0,7.228999999999999
917,917,51633,20,hybrid,1000,216,Gambia,alpha,982228.6264551386,780.0,981438.0933089248,650,22.211535,0.016,1.67,0.02672,1.0,7.228999999999999
919,919,51633,20,hybrid,1000,216,Gambia,alpha,982138.5264059504,880.0,981322.8124835736,317,22.160793,0.016,1.67,0.02672,1.0,7.228999999999999
922,922,51633,20,hybrid,1000,216,Mozambique,beta,783861.1402757468,1186.1917364224,782766.8290438037,664,22.194002,0.016,1.0,0.016,1.0,3.366
925,925,51633,20,hybrid,1000,216,Mozambique,beta,788054.0781330669,940.0,787256.9265626462,906,22.42088,0.016,1.0,0.016,1.0,3.366
926,926,51633,20,hybrid,1000,216,Gambia,gamma,997710.7218221228,1100.0,996603.2960075904,1,22.165983,0.016,2.05,0.0327999999999999,1.0,7.228999999999999
927,927,51633,20,hybrid,1000,216,Gambia,alpha,981756.063626958,840.0,981114.668062054,597,22.135487,0.016,1.67,0.02672,1.0,7.228999999999999
928,928,51633,20,hybrid,1000,216,Mozambique,beta,782312.5737134039,1240.0,781068.1504731418,238,22.44374,0.016,1.0,0.016,1.0,3.366
929,929,51633,20,hybrid,1000,216,Gambia,beta,898727.9314809259,1116.346184155136,897658.9267506837,240,22.09863,0.016,1.0,0.016,1.0,7.228999999999999
930,930,51633,20,hybrid,1000,216,Gambia,alpha,982098.154905278,1060.0,981110.871485304,204,22.070532,0.016,1.67,0.02672,1.0,7.228999999999999
931,931,51633,20,hybrid,1000,216,Mozambique,beta,783003.8569014019,923.5385051833958,782209.2077275293,79,22.319626,0.016,1.0,0.016,1.0,3.366
932,932,51633,20,hybrid,1000,216,Mozambique,beta,774952.1448065962,1200.0,773745.6968915596,20,22.263304,0.016,1.0,0.016,1.0,3.366
933,933,51633,20,hybrid,1000,216,Gambia,delta,1003579.9702377784,1120.0,1002764.2822574064,326,22.19509,0.016,2.2,0.0352,1.0,7.228999999999999
934,934,51633,20,hybrid,1000,216,Gambia,delta,1004309.7980281868,1040.0,1003176.7548465192,786,22.16393,0.016,2.2,0.0352,1.0,7.228999999999999
935,935,51633,20,hybrid,1000,216,Gambia,alpha,979466.526446579,960.0,978629.8719906427,610,22.035631,0.016,1.67,0.02672,1.0,7.228999999999999
937,937,51633,20,hybrid,1000,216,Gambia,alpha,980196.8920106564,1180.0,979145.5626531868,659,22.06537,0.016,1.67,0.02672,1.0,7.228999999999999
940,940,51633,20,hybrid,1000,216,Gambia,alpha,980642.0593913202,1000.0,979774.1396335512,268,22.305426,0.016,1.67,0.02672,1.0,7.228999999999999
941,941,51633,20,hybrid,1000,216,Mozambique,beta,787827.8445713446,1160.0,786649.0420076372,681,22.308668,0.016,1.0,0.016,1.0,3.366
950,950,51633,20,hybrid,1000,216,Gambia,alpha,982048.4956223384,1280.0,980552.3887718474,748,22.11082,0.016,1.67,0.02672,1.0,7.228999999999999
951,951,51633,20,hybrid,1000,216,Gambia,gamma,999538.1655915044,1100.0,998490.1793862444,464,22.169247,0.016,2.05,0.0327999999999999,1.0,7.228999999999999
952,952,51633,20,hybrid,1000,216,Gambia,alpha,978601.7875528852,1060.0,977591.887360376,212,22.179232,0.016,1.67,0.02672,1.0,7.228999999999999
955,955,51633,20,hybrid,1000,216,Gambia,alpha,982723.5515328322,1180.0,981585.3183612074,772,22.243132,0.016,1.67,0.02672,1.0,7.228999999999999
956,956,51633,20,hybrid,1000,216,Mozambique,beta,782972.3476028247,964.29981696,782070.6190069885,766,22.165173,0.016,1.0,0.016,1.0,3.366
957,957,51633,20,hybrid,1000,216,Mozambique,beta,788414.6612484445,1160.0,786978.3784535902,886,22.229687,0.016,1.0,0.016,1.0,3.366
959,959,51633,20,hybrid,1000,216,Gambia,alpha,980042.2646353928,960.0,979488.3935562643,114,22.213964,0.016,1.67,0.02672,1.0,7.228999999999999
961,961,51633,20,hybrid,1000,216,Mozambique,beta,786070.6538583832,1060.0,784843.2094195927,953,22.248257,0.016,1.0,0.016,1.0,3.366
964,964,51633,20,hybrid,1000,216,Mozambique,delta,958813.9626502478,1260.0,957625.0828299584,352,22.208,0.016,2.2,0.0352,1.0,3.366
965,965,51633,20,hybrid,1000,216,Mozambique,beta,787514.8245780003,1400.0,786181.2472885425,193,22.314447,0.016,1.0,0.016,1.0,3.366
967,967,51633,20,hybrid,1000,216,Gambia,alpha,981145.183989669,1160.0000000000002,979977.309302603,715,22.163568,0.016,1.67,0.02672,1.0,7.228999999999999
968,968,51633,20,hybrid,1000,216,Mozambique,beta,782685.6281413727,1086.1201623119036,782093.803538928,413,22.213379,0.016,1.0,0.016,1.0,3.366
970,970,51633,20,hybrid,1000,216,Gambia,beta,902884.143423214,1360.0,901419.3298212334,271,22.181942,0.016,1.0,0.016,1.0,7.228999999999999
971,971,51633,20,hybrid,1000,216,Gambia,alpha,982048.4956223384,1280.0,980552.3887718474,748,22.11082,0.016,1.67,0.02672,1.0,7.228999999999999
972,972,51633,20,hybrid,1000,216,Mozambique,beta,781505.5270571713,822.985984,780263.3731420792,84,22.304953,0.016,1.0,0.016,1.0,3.366
975,975,51633,20,hybrid,1000,216,Mozambique,beta,791611.0538042223,1180.0,790358.3118209953,932,22.26178,0.016,1.0,0.016,1.0,3.366
977,977,51633,20,hybrid,1000,216,Gambia,alpha,982406.2935516324,840.0,981664.8793382952,727,22.180418,0.016,1.67,0.02672,1.0,7.228999999999999
979,979,51633,20,hybrid,1000,216,Mozambique,beta,786061.8582470637,1045.159780352,785277.5390892851,60,22.29809,0.016,1.0,0.016,1.0,3.366
981,981,51633,20,hybrid,1000,216,Gambia,alpha,983619.9240895414,760.0,983015.6523581956,281,22.211796,0.016,1.67,0.02672,1.0,7.228999999999999
982,982,51633,20,hybrid,1000,216,Mozambique,beta,778543.6586862465,1189.1877464274107,777484.2310496178,430,22.305538,0.016,1.0,0.016,1.0,3.366
983,983,51633,20,hybrid,1000,216,Gambia,gamma,998538.389204896,1380.0,997234.9672484102,433,22.234446,0.016,2.05,0.0327999999999999,1.0,7.228999999999999
984,984,51633,20,hybrid,1000,216,Gambia,alpha,981776.8696121762,960.0,980851.820934146,918,22.305584,0.016,1.67,0.02672,1.0,7.228999999999999
986,986,51633,20,hybrid,1000,216,Mozambique,beta,788550.4798500785,1044.29981696,787720.0826653261,205,22.337627,0.016,1.0,0.016,1.0,3.366
988,988,51633,20,hybrid,1000,216,Gambia,alpha,982997.3132106354,1120.0,981772.6672312996,974,22.2866,0.016,1.67,0.02672,1.0,7.228999999999999
992,992,51633,20,hybrid,1000,216,Mozambique,beta,785889.0579875144,660.0,785601.5162682643,939,22.186562,0.016,1.0,0.016,1.0,3.366
993,993,51633,20,hybrid,1000,216,Gambia,alpha,979824.643980203,1091.305653512308,978905.80637745,290,22.266365,0.016,1.67,0.02672,1.0,7.228999999999999
994,994,51633,20,hybrid,1000,216,Gambia,alpha,978732.5897878828,960.0,977729.8744979636,888,22.110659,0.016,1.67,0.02672,1.0,7.228999999999999
996,996,51633,20,hybrid,1000,216,Gambia,gamma,998823.88771423,1380.0,997452.048045884,357,22.254524,0.016,2.05,0.0327999999999999,1.0,7.228999999999999
999,999,51633,20,hybrid,1000,216,Mozambique,beta,782020.2638606827,980.0,780650.4440551838,469,22.34485,0.016,1.0,0.016,1.0,3.366
