,width,height,intensity,num_lines_abs,num_shapes_abs
0,4.90826588596665,8.36778313271925,10.6841029789477,295,8315
1,9.23956189066697,0.632305830593579,12.8265405262846,258,1790
2,5.14489487209122,9.6335297107609,15.2193488932789,440,17782
3,3.48945276027756,4.53577468407476,8.3623932403167,140,1373
4,7.9856504541106,1.09028977005441,1.03227646465512,20,51
5,8.2420552715115,7.83530249558924,3.47898628640799,106,798
6,6.67213554740588,3.32078006497174,12.3055003809639,222,4088
7,2.76161961532872,6.18651851039985,2.21877655408086,24,71
8,0.2376375439924,5.04077514155476,7.89876798197878,92,175
9,1.72821634861186,2.59089294318824,5.02003351063359,33,78
0,4.35597267865126,5.49161587511683,0.80501801372814,17,24
1,0.757846110464369,3.47347177078057,15.7703837459013,131,939
2,7.01439348862976,6.17320186991002,10.6539098105903,311,8648
3,5.11607264050692,2.43385164923797,8.26069508333029,118,1255
4,8.04600264202175,4.39850473439737,12.9129099958407,299,8596
5,3.04072880231897,8.61585009805222,2.62787084513011,70,305
6,9.85546058401101,9.63509365086764,3.24241809686659,157,2472
7,6.70365785938002,7.04530400977204,12.1372409300375,330,11545
8,1.47417382908733,0.374612614626471,6.30436838627993,27,47
9,2.097834160651,1.62585991571424,7.32075868460141,55,206
0,7.61341519593579,8.59413071535214,1.30064161460812,39,92
1,9.41824303629062,0.380890856631021,4.79954827725781,94,146
2,0.932728483354013,1.9699143978146,11.1946189393182,63,270
3,2.86606388950041,9.84211892313571,7.2886907289642,179,1969
4,4.04521867010619,4.83832870471114,2.83037986428882,51,284
5,5.02636697449725,7.46869315979497,6.31162516781188,145,1717
6,6.37646336687805,6.41481950233767,15.7594358250839,395,14003
7,3.81055333078183,3.27340707193071,8.39575696278912,116,1279
8,8.98727612931495,2.05637549665093,11.9208706164961,250,4152
9,1.15041689110353,5.86472237625505,13.0066550642424,193,2086
0,8.32367923640424,7.53258943255159,1.2163645758235,34,134
1,9.42543643861642,0.051823536822427,2.55302198497255,56,45
2,4.50761037868446,8.33660427819392,10.3545219016803,249,5721
3,6.24240973241508,3.13441467693897,15.0589454626356,301,7603
4,1.1148368247392,9.06337497047277,8.55818922646879,172,1104
5,2.61062004244163,2.98996023238995,4.68724663079652,45,156
6,7.28863055324026,6.32235384497472,14.1289910524604,411,13347
7,3.58123822142261,4.80987444585464,7.94404305706642,131,1773
8,0.154362715274202,5.25464065476376,11.3988755575769,145,299
9,5.48114010185482,1.68150272222393,5.96938796032583,93,495
0,5.37330931627975,0.231074796588071,5.95562709096905,70,87
1,2.27074467314355,8.67189274359873,1.36911434897006,31,64
2,0.643999543239016,9.01971053775436,12.5283517833072,249,1342
3,1.4087341710981,7.10410858198457,3.83549364738953,64,242
4,8.02538635566035,2.79991608537319,9.06893621851303,210,3281
5,6.15615259736619,6.17854466205433,6.72797487266531,148,2265
6,3.7159722288474,1.65274610785187,10.0690363684176,108,955
7,4.65892394191015,5.23818278104673,14.2341373096338,272,6660
8,9.02709599250348,4.09944139275935,1.62080307761718,59,424
9,7.22197216193295,3.24317219099945,14.5368136493671,327,8964
0,5.8747016726842,0.873677114186339,14.8740929927296,194,1963
1,1.52893713402721,5.9840834691993,11.5737724016799,203,2723
2,6.9390676985129,7.76827341386452,1.66734910341818,54,398
3,4.79878323577367,1.41776678216733,9.62859829557346,119,978
4,0.997934110533338,4.42135700227707,4.78035582357765,57,264
5,2.35071181545171,9.73758230158889,8.68443701397738,211,2506
6,9.76718828893113,3.2387771457683,5.41492263545549,152,1736
7,3.40193091360924,2.11047411313139,1.08743565230891,16,34
8,8.47987562030391,6.35462215764078,13.1492062205841,399,16001
9,7.62750546321837,8.28723899165408,7.91993789432036,260,7723
0,2.89409920367913,3.86862316795561,4.47445966556188,63,416
1,9.22995460589109,7.77659685279174,7.17043576242008,272,7181
2,3.21310470402508,5.77092184464405,1.78769310233983,38,217
3,8.03113408288451,0.844783228116888,11.4002972675241,206,1942
4,7.65166682537589,6.761023990943,1.09690445956635,29,67
5,6.36852634372376,9.62622032163142,15.0884894318391,507,26135
6,1.86435824983964,8.13124487768239,9.92083956272054,159,1938
7,5.47320990669156,1.03252617949125,5.5865512747863,70,335
8,4.96819342791472,2.92084784781569,8.10273429932022,112,1001
9,0.185525515703121,4.61665031452074,13.731154243063,122,226
0,4.20584121003677,3.31615610497675,10.3275837690142,132,1606
1,1.11191961939773,1.50723480868839,7.2249536457268,46,109
2,6.26974961151699,8.04157285905039,8.78215452841107,245,5509
3,0.057086856089315,6.14834320096209,4.26698281207377,49,26
4,8.53116952800103,5.98663012295885,11.4234420076101,325,10811
5,2.93660569229496,9.96511869643605,12.8479577437963,332,8179
6,3.03934354066851,4.00493998093441,0.492687906545905,8,4
7,9.12210991401003,2.95181178542324,5.92748922037863,130,1498
8,7.45219902828343,7.6391199378155,14.7229655233967,449,18886
9,5.93387501752791,0.867918294520022,2.67749189331987,30,29
0,6.69243615132437,8.19186732471874,4.60812654009833,134,1956
1,1.99125599370219,6.32337156211552,7.44140379047551,131,1028
2,5.12839428945413,3.22665640222699,8.85273245848214,128,1481
3,8.10410964938417,4.35499630583194,11.7189340049846,313,7511
4,9.72433881712874,9.06942384274609,13.3328030608931,492,24567
5,0.578386917006409,5.51905979090827,10.6711791283171,147,781
6,7.27416066655981,7.06761256359222,6.39062297795387,200,3728
7,2.07941936898899,0.800356507822361,15.458942703759,87,692
8,3.08565824959643,2.23371208191043,2.49245346779204,29,86
9,4.89419087466412,1.54001191460451,1.16904081638279,11,19
0,2.45944676840599,6.03842634896233,0.240270401307267,3,4
1,8.78501654383706,3.90176199213542,9.17989402995438,242,5061
2,6.89208468894023,0.461477464624734,13.6195550733003,211,1618
3,5.95533468650393,9.63720147680828,15.4883644467334,506,19761
4,4.7869033862553,2.65935392220578,11.2666766409638,157,2702
5,0.315406895748013,5.89511774070654,9.73566722567329,135,378
6,1.68813470608654,4.63666968216721,2.74611742090029,33,142
7,9.43760312405539,7.61393358476006,4.91533493759788,169,3517
8,7.25467062204605,1.06665204056069,6.51401076442441,123,489
9,3.84087157942592,8.5184080219452,3.21937356037582,77,390
0,6.08860042967962,7.11833619092339,0.038706822226168,3,2
1,7.22061195271121,4.40990488969629,4.53071526988124,104,933
2,2.59822529406374,8.83980228563562,11.6369132959565,265,4906
3,3.73566311423919,5.38383295193304,13.6289260259821,229,4677
4,4.99834751139295,6.57187227122719,14.877960917742,345,12004
5,9.93311333134356,9.5877693608622,11.1050867921845,420,16564
6,0.642565199535192,3.18447625313364,6.81487481418524,65,172
7,8.42124805329407,0.362235441652288,2.2874509003823,44,29
8,5.63617736470823,1.33451128874193,6.19636840077536,98,614
9,1.78565161808023,2.02619670853206,9.34709370686689,57,426
0,2.16223340578248,2.81906351386166,3.7363328757934,45,204
1,5.01260751997576,1.54079375498554,11.4780185490172,172,2401
2,0.559755683638383,4.71024279862331,9.13922243252925,84,246
3,8.52739962212268,6.31435011318375,15.7215651403329,503,22041
4,1.71935362236916,7.47116789893282,1.76101996563765,32,52
5,9.8902580530178,0.821636897710472,9.98379858040951,224,1435
6,6.07940658464303,3.45926519717321,5.02715518361759,101,1231
7,4.73149649034036,9.35779826532544,13.3567062585315,396,12064
8,3.18741194409758,5.4942124472503,0.72056156624866,9,9
9,7.85817705315716,8.82824925243722,7.59812213914129,249,5547
0,6.50741193871781,1.90761100255656,3.61217155253395,58,373
1,0.874222524685176,4.71403264446686,4.89523952055643,42,188
2,8.49354658034012,0.607905214090704,13.766072724719,262,1490
3,5.70225876603167,8.30937271786278,2.69854386158817,75,531
4,3.99281683899907,9.8237903842213,9.78318022090545,239,5176
5,7.13148911989798,3.95506051148499,15.014142212872,351,12587
6,2.27473152551952,5.82119828255023,8.72997841432887,151,1905
7,1.39457607559765,6.00156510519147,0.590484834817466,4,1
8,9.42182817853883,2.63640137018341,6.59364000077631,161,1454
9,4.41102107526555,7.0511353814421,11.8703164643,279,6444
0,2.28578355552587,3.8275189221063,3.29993214979051,49,181
1,1.20322309108609,9.76452779465472,15.8135436207777,374,5305
2,4.7617981913777,1.57352895145557,0.717310488591076,13,18
3,6.38654050682303,7.95604714361193,10.4166919824068,311,11200
4,7.51127546220075,8.2004745155284,12.2025480177491,385,12514
5,9.49232548000118,0.109264210309621,14.2822121707681,279,379
6,8.57727902923313,4.85396196695542,1.63058575108762,37,164
7,3.86557714562455,6.43914981663375,7.16294954930851,169,2785
8,5.98073934358343,2.84696885420706,9.1003552678889,141,1460
9,0.407584208573817,5.89309020519542,5.95633113231717,68,136
0,5.64483260402231,4.26759267672797,2.44950028545935,51,247
1,3.3951309076115,7.83548022574219,10.5522106798491,232,4115
2,6.71320688328262,9.01469338865496,4.81587811380454,139,2071
3,0.199215274894053,6.37909404867194,15.1425522551256,180,457
4,7.89021500263617,2.33734554676909,4.74159878542014,96,851
5,2.28740959646558,0.019327630917601,12.0304516482073,46,26
6,4.36778598775615,3.12436839900051,9.08406762793432,134,1801
7,1.05809195208035,5.41364267491864,13.298982172667,157,1519
8,8.11151221232128,1.49286458444745,7.63838620504442,172,1402
9,9.51586190271233,8.40428974725487,1.23667437100178,48,310
0,2.65663107370788,6.866770354506,3.0305508840532,77,403
1,4.24039891289351,9.28247874397703,12.7143304210406,350,11059
2,7.19159294573482,4.9504591705753,9.42809316397836,235,4752
3,3.91823908667544,1.58162229298919,15.0711167903317,146,1661
4,6.10180368294954,5.43661418976877,4.44858480481101,96,1072
5,9.50595790773493,7.58008883466945,13.5621371732818,451,19459
6,5.22085278296301,0.516698385226268,5.59606376343376,62,97
7,8.03892996332567,3.75877625375732,9.92748817449165,271,5760
8,1.03601881829143,8.28249606597285,0.945808485213626,20,21
9,0.175221772105827,2.3530503916003,6.69781743640536,35,92
0,1.19899213895944,7.17936468201221,9.92853270193088,165,1662
1,5.41833386410228,0.970676545409744,5.57286351609422,72,267
2,0.750939798363318,1.11330350472746,2.02965400970817,4,5
3,4.10137289755316,6.40360100236159,8.4599386638356,188,3606
4,6.27785277608971,4.73788498483461,4.25080970155929,108,1278
5,9.27631910846585,8.70455442802745,1.54965973071983,56,322
6,3.43201892759451,5.42272863689393,15.365819520895,247,5686
7,8.98036874094218,3.34652416795272,11.3231671473039,266,4927
8,2.06750254668382,9.39761237855287,12.9209337821665,292,3814
9,7.5187009943806,2.26427626315864,7.92227715335291,148,1402
0,3.16036540611974,0.514933349913259,5.63075931324833,31,65
1,7.67364541747491,1.16136280105538,0.972404292953044,13,15
2,2.17925325573928,7.08355433751069,1.99256370266594,33,79
3,1.69394959051016,9.01912896643729,6.49237145476019,156,1117
4,5.22959816075397,5.16574817696522,13.4256525906038,276,6336
5,8.11755130015022,2.89085553498315,14.7747253934821,328,7736
6,9.16528449014296,4.24153684170168,11.5512862771677,300,7403
7,6.00199213521907,3.35427132721722,9.53578048434153,183,3429
8,4.71873961785353,8.10534548448133,10.5860807774812,240,5827
9,0.732401049058379,6.22236130474817,4.09100550907535,57,115
0,3.32302734575409,3.06725591396737,13.4579064287913,158,2133
1,1.89791918695767,0.09491793682167,6.60812907172632,25,23
2,9.88811818893404,4.99889261203329,9.63588142265929,269,5548
3,4.32529061836175,5.32663924942591,8.57668292342638,168,2562
4,6.90096089569047,2.74818391204885,2.85398120172038,66,349
5,0.996157673498779,8.80666505302682,12.1058891059601,239,2024
6,2.82541566412395,9.85802327100723,5.30044478273657,159,1624
7,7.84487134775523,7.99762829740216,15.4469472087884,485,21656
8,5.24900873610909,6.24149648525687,0.371229088494097,5,3
9,8.57670239885776,1.0403508268597,3.22301031371534,59,153
0,9.31387549672247,0.483180863313669,7.92231172106095,168,687
1,5.5380227053639,8.8382304210818,1.88078660381017,52,220
2,3.8401080784392,7.36140377906719,0.908363708689687,22,45
3,7.98945113096506,9.85979467481165,5.7269031466591,186,3265
4,4.88951931104376,3.40680480095172,8.78339913928039,143,1802
5,6.37146726262438,1.32823310567834,12.2315923977229,177,1948
6,0.19516651721865,2.4539899111997,9.96772276127619,47,87
7,8.48939253740659,5.76244695867487,13.6842596284428,373,12579
8,1.74164145183604,6.12600202786399,14.995477208395,256,4828
9,2.4925690707533,4.19641921587202,4.2586676154067,52,242
0,3.89556284813184,4.11989109347271,10.4747130913154,158,2569
1,1.90917526405359,7.73492584739489,12.6438608532578,254,3912
2,7.31387807651503,9.53145491418931,2.1503322984923,73,380
3,4.69105581273926,6.28794534267599,13.9728001715562,322,9239
4,5.27163318127437,3.49281958453282,7.45385816790363,126,1186
5,8.19060983307445,0.299942069777023,1.49048786289517,20,18
6,0.184632457347369,1.59608195523831,4.51356962767863,23,20
7,6.34210762086359,5.43384392285524,5.70656841424874,133,1835
8,2.42995761977982,2.16440552907888,15.4512487971746,135,1719
9,9.83094917105507,8.1165830745557,9.43741834653446,316,9498
0,0.93852978347313,5.7572829782755,14.4379324058312,187,1826
1,1.18118327905008,3.89796464684779,7.73591552911105,85,626
2,5.62275340323984,6.08412766225938,3.15950495367768,73,416
3,9.22267607912309,9.3931039075594,9.81673525887151,371,11867
4,4.30721641702127,2.10024556372288,11.5703603420245,146,2284
5,2.54645854172812,1.0165924806326,14.1894552383151,107,1112
6,6.41719341856458,8.66171868264396,6.2823420767299,180,3980
7,7.16022560097651,0.602449441966588,3.8714038124909,71,222
8,3.17093640242085,4.16301911381489,0.080995955630519,0,0
9,8.4181447881628,7.23381283309306,8.06302693390851,254,7221
0,3.56391956675562,6.29335342144101,3.63512729503712,73,434
1,9.50027853520776,7.52547030735589,11.5486262074028,370,11209
2,6.06939408590418,0.69783278550517,2.6589353361824,39,73
3,7.08987685173616,4.90026411120207,1.01393855962485,21,28
4,4.60091200565909,2.79219119480168,8.94953821232756,126,1716
5,5.34095857143556,3.67636106787272,6.42598950913513,110,1156
6,8.91726806657768,5.67963318239514,15.566044887121,454,18270
7,0.406590537359472,8.94592464403209,10.1176486599768,191,887
8,2.14328145870264,1.29582409749654,13.8640895824106,93,854
9,1.71471883350204,9.00111209419619,5.69052548560345,119,1023
0,0.540278893187421,7.0806154051696,10.0433107995414,137,579
1,7.07928028463119,1.93956858902517,1.50540827129473,22,35
2,2.56585056031325,0.755133617445196,8.19895334628939,51,215
3,6.90801854542166,9.58662391828366,14.2002137897938,480,20046
4,5.39631262549822,5.82843867093899,3.15350439936739,60,439
5,8.2963258018998,3.08018675681211,6.6834456371562,151,1684
6,9.14346945701802,2.47683887773312,15.5553057027261,388,10158
7,1.15144552193536,8.63009312686167,3.2644568300448,51,146
8,3.43277148434182,4.82865290611829,11.8486765202226,196,3461
9,4.59567982416153,6.78346956004927,5.62605327871628,105,822
0,4.90704196041502,8.16145783406424,0.417859892017376,10,16
1,7.99153277582739,4.47173983751844,12.3119249909489,298,7210
2,9.20831539000852,9.55347177620985,13.7078255106497,494,19631
3,3.35543933736406,2.57028693873139,10.8739897751302,114,1150
4,8.66921902992487,7.21010719291235,7.57604029790372,238,6621
5,1.48380253986065,6.74227139225229,2.57617267525798,36,90
6,6.41838953337833,5.02519909482107,5.5810842804973,141,1714
7,5.35781124933559,0.354831855543163,3.41309140106804,37,53
8,2.59378063194345,1.78021264853563,14.8181328286166,125,1879
9,0.575593428640082,3.5638929210554,8.67055915666734,76,287
0,7.05363479152083,0.511113638489501,5.38077254464619,91,222
1,1.71746499061191,9.60431298224032,11.0068472898512,258,4012
2,3.47547571523273,6.46089833820658,7.56059456037577,146,1843
3,6.84909801995868,8.82870898381801,14.5801447464467,455,15743
4,0.383397141058259,1.82956271568305,2.25244485504986,12,15
5,4.16827858850771,4.70938882182439,4.61820857913623,83,1125
6,5.83644219246987,7.10540137739646,11.2755147227158,289,8598
7,8.54890963164007,3.83885386190407,14.3382665914273,368,10038
8,9.18919579239036,5.67101298053291,1.0866601093113,33,71
9,2.72038399858645,2.6970241660043,9.0102015642294,107,1368
0,6.79644056152348,7.95564946726649,11.170012123826,319,7975
1,0.739469233238727,1.95363260782969,5.41058639857462,28,96
2,9.64553435641052,9.35232705425254,14.0403752622385,507,24833
3,5.15577326058017,8.04310010894833,8.54814573249781,252,5855
4,3.54704534561558,0.179094939328182,15.4042702034541,98,280
5,4.08744650179989,3.39221779343354,3.50722573558406,55,176
6,1.37736317679665,4.94777969796923,11.4336336308751,143,1523
7,8.41351653028996,2.14119906353719,3.10090262330901,57,266
8,7.03981143944575,5.76351584366821,7.86823564464709,204,4219
9,2.27398809946997,6.10868253937469,1.41995030434061,19,26
0,3.16549977466366,4.66692744745868,2.08444020523515,34,175
1,5.70660412899422,8.43539632339975,8.85195345261424,251,5185
2,7.53534776806166,6.95312011439414,13.7030665404476,372,13661
3,4.63532334670832,3.71924520057583,0.960933115179417,26,89
4,9.19648696695621,0.93016520286255,5.06600852855952,101,496
5,8.21174586205242,7.52758797327217,15.0075798477146,458,19043
6,0.041497325509906,5.25890427479314,7.38751076338715,77,43
7,1.32206753519573,9.05282668636472,4.75171018341406,97,426
8,2.55974466133368,2.72608485148385,10.7642098203195,101,1580
9,6.85793491399733,1.12130299800553,12.6761660113503,200,1747
0,7.33217252206173,5.30449042435403,7.91629788330285,190,3948
1,2.70080841800174,7.9829468795547,14.7500347334574,302,6461
2,3.76531629952539,4.64277741347993,11.7219528111695,197,3098
3,9.92940348384915,1.7176761577935,4.40990757457085,98,471
4,6.20480240905621,3.97661763731501,0.630008226504651,14,48
5,5.79799803521922,2.37720178245764,2.57313820282631,33,98
6,1.73854605339696,8.80184016845281,10.3113176017111,220,2640
7,8.0637945562536,0.434530963304495,5.98779189934365,91,191
8,4.38722314121021,9.86953367181498,8.36533000378978,233,4106
9,0.282765457060099,6.1806575413113,12.893532779579,180,588
0,0.384515813706267,2.2243829797998,1.82312037792826,11,8
1,3.34695895037759,1.50450292405484,4.11073034100708,50,208
2,6.43180709510778,0.260849245962089,15.7887674027694,198,810
3,9.78177982592873,8.00908703495122,12.1329692116478,397,13658
4,7.48417303216341,6.6482975272988,7.5488226850032,240,6253
5,1.79401445026596,5.5110938214724,10.1952697084995,144,1479
6,5.57648890313987,4.44551781449316,4.94791922725931,88,814
7,8.34206943465756,9.96696851461832,13.5326404722033,497,20317
8,2.80997874368347,7.57119918396291,0.631167025342172,21,21
9,4.23828967055309,3.86343157778938,9.38729629180632,145,2106
0,6.26004804025243,1.34096197364299,12.7609630706506,193,2581
1,9.38505805571896,4.99767226326466,6.50444281210634,203,3304
2,0.942982784071135,0.263551479496778,15.7149429164046,41,117
3,1.61037605978169,5.27913047077427,13.8340958938518,185,2465
4,4.83497378568296,6.9306722555624,5.83574741499695,145,1786
5,8.71035150071233,8.02464440463632,1.80535988258351,55,243
6,7.11250313052663,9.6966889878732,10.640299466313,393,12791
7,2.73592040637395,2.72532639073588,9.571972128962,106,1239
8,3.27509888155912,7.8363785774104,4.65890971126312,107,1045
9,5.63910784699471,3.97443931063848,0.702609057287761,15,45
0,5.82147125277619,6.8909738846907,11.5897836671715,289,7157
1,9.3540645623551,1.56949725851858,9.27768934100896,211,2279
2,0.655820767327393,7.83239104170191,6.57124661473766,118,308
3,7.53727567366804,9.99162434296123,14.0491188866746,488,20165
4,2.67712426348256,0.163616204138276,1.45631379863151,7,7
5,8.68267115246276,4.69177763914198,10.2125334316295,260,6682
6,1.62873401505999,2.67429357370002,4.20901647197293,37,142
7,4.26610136853731,3.97995544735828,5.48822837135492,95,1097
8,3.03900642076282,8.9856007339528,15.100424087981,358,10374
9,6.45556678199011,5.68667861172413,2.09659342257299,54,159
0,5.40633223096377,7.10948236606899,0.125802737583613,3,6
1,2.92658538321838,8.96583666880759,14.9294636252483,374,10013
2,6.71042181501241,6.17478498788337,13.1972599674094,348,12241
3,9.41892362479292,2.64803031805521,7.98082233930468,186,2457
4,1.51727216975431,3.24545446253893,10.223023647467,84,536
5,8.0842130111771,9.71756138264854,9.17218031878464,327,9573
6,4.98457589637611,1.77682136724028,12.2955602622096,153,1586
7,0.666407304694919,5.67341972891143,1.9393299799638,27,53
8,3.28540406846342,0.614499460255193,3.58239628833848,34,98
9,7.58580839421524,4.89246909395201,5.25005530168485,147,2123
0,6.41893297798395,3.35252924130052,15.9623834578366,342,10306
1,4.77586506520279,8.72268357447449,3.80201492692868,99,1084
2,5.33873295577443,6.31922529778619,9.4772576336223,204,4467
3,0.563737101445399,2.90591167123465,5.67171948107749,34,39
4,7.20497923282591,4.12663712551838,10.031587945398,236,5578
5,3.74199539112617,1.1785197892726,1.12383795372896,10,17
6,8.05227910326876,5.4930301251588,13.8542428905198,412,14925
7,1.8525426448755,7.08193843903815,12.782600510574,233,2225
8,9.19819638642167,9.19598018470176,2.02407565985485,88,597
9,2.87439803170833,0.943766382212014,7.47529520425878,51,165
0,2.35000686847318,9.82686784717336,11.4284570186686,266,4181
1,8.92837255198079,6.56265542290274,2.22309548812428,71,449
2,9.06562608817782,3.76218751119408,14.3227238502249,371,11988
3,4.54941183206097,7.71360736626347,0.511553358943767,15,25
4,6.59086626739511,8.20751149538488,9.3889570557873,271,6636
5,5.65272812377722,1.56881273643387,4.61000109069102,71,326
6,1.25566622333181,4.86772315280509,14.9602984389311,192,2325
7,3.36456642751986,5.43211623680193,4.93321225288101,98,851
8,7.84368052966498,0.966590770223317,7.55929265465411,126,480
9,0.19494276897016,2.45221510010172,10.0984196784224,40,81
0,0.841096170616101,2.26522852250267,13.8527198579274,89,752
1,5.99684928428144,3.68609115394349,7.71823421059946,155,1448
2,4.43034317368907,5.94879049769192,12.2360316729123,266,5660
3,6.32029874249674,7.26804718737864,6.35031103547887,193,3164
4,3.906653296952,8.81146593915168,9.14233271658364,223,4426
5,2.19124212907612,6.05535981693841,15.8794537753316,244,4535
6,8.61542891503293,1.53812101003981,0.827411027217021,18,38
7,9.40571442418095,4.0705500637099,3.38730306077098,100,695
8,1.04108236495556,9.93403299113064,2.44508435427683,51,88
9,7.3472884743057,0.76635128055739,9.80299652490095,157,561
0,7.41201773895166,4.75635605474364,3.34203722712997,81,481
1,5.13839758596812,5.79413456173227,6.18399196193244,163,3477
2,4.66576524026537,2.49459705276376,10.1129918504804,159,2427
3,3.52467230668562,8.8947475708313,1.88533041988515,42,134
4,8.63937480054278,3.2676684371943,6.78299173814728,174,2756
5,2.33799878102849,9.41059869723827,13.4687496128222,314,5531
6,0.906866577339836,6.89859691056897,14.8019072073671,231,2280
7,1.58736986857558,7.89625671647158,0.512908137626398,13,15
8,9.08540248429087,0.685712768824681,11.4159655777146,203,1362
9,6.44980399070443,1.85898054712222,8.4738828248944,131,951
0,0.773995087294009,4.48222523033733,15.8904710513704,174,1196
1,3.05207240622127,2.52032362619139,12.9424155758336,148,1914
2,2.01282164951061,9.97524453528396,12.0184410252952,297,3756
3,1.79554439192665,5.96577044388429,7.869634448709,126,770
4,4.47714637598905,0.215269045785834,6.24658185676721,63,97
5,7.13088113855358,7.81110456630532,9.85044674146519,308,9016
6,8.2355659345945,6.19724266616702,8.58662032015433,244,5086
7,5.93250395309738,3.21353747788395,4.19059424007471,63,394
8,9.8595029756249,1.67609303416458,0.255031815634243,4,5
9,6.70978505022397,8.40500109858755,3.14883547527318,88,883
0,8.94690289946052,0.038799454728888,14.8007727147996,283,283
1,7.24071258566351,3.18677252823113,14.0894493480535,292,6269
2,3.23994890372363,4.83124580508994,10.0474781704743,148,1873
3,4.08337905376876,2.76676835633834,1.90643411528024,24,71
4,9.92850775194378,9.35064269145715,5.60682153726885,215,4269
5,0.579737114939772,6.37681062777421,1.38503205819637,21,22
6,1.66703685712535,8.53355443355358,11.58615952614,246,3955
7,6.91157688726305,7.00024100468513,6.52565798846848,170,2674
8,5.34562016890079,5.24124433603803,8.57024757735946,167,3136
9,2.62150731113808,1.20823180860821,4.39624291930396,33,63
0,0.48301411284395,0.233624763648567,10.4958248509533,23,29
1,7.88683153946896,8.40956092726251,0.778248056857885,21,41
2,2.37834758168265,2.78008402373496,15.207892486543,168,2094
3,9.74972574678354,5.7712248152904,5.08225905668462,158,2188
4,1.09681873098722,9.22810037790238,14.1003726468875,308,3649
5,8.47605670215106,1.92222331815486,8.86681651190563,161,1580
6,6.99168614039274,4.59256818276483,6.60972777872753,160,2586
7,5.77043780279234,7.37992429096201,4.42585136253245,131,1640
8,3.21052848844061,3.50193558078086,12.6919103654038,156,2356
9,4.50144147369791,6.60507125343774,3.11569103877914,57,309
0,2.3293212774825,3.70449363641168,7.47869911812738,96,696
1,6.0422004685813,8.45384656380691,2.61323026773998,80,704
2,0.49629512550064,7.54061099432473,3.35919396188902,43,49
3,8.54446133214917,4.84960017498246,10.5666783010761,263,6467
4,5.16844055113192,2.48013493963837,11.3935370595816,173,3493
5,3.76046460627607,9.37320736910513,8.12591628031264,193,3567
6,4.98492910844149,1.49324749302599,13.6436974330278,183,2076
7,9.94577471700846,5.57912980403505,5.44445685447439,160,1978
8,7.19710603882365,0.189077653778349,0.942096432249957,18,14
9,1.87536323990076,6.90090773026699,14.5427554688916,250,3840
0,0.084648753584629,7.1918731844045,7.91307765928129,112,112
1,6.11927167203974,5.06121665814357,3.85428357721068,74,509
2,3.2245823826539,0.590916092827227,15.459151743121,106,448
3,4.50019793552279,1.98921668342059,0.743767649301233,16,25
4,7.84044275054602,9.16682970495026,9.00894191569367,305,8360
5,2.70129334208838,2.04668481989927,11.9193582496124,132,1808
6,8.78904060420205,6.77953168182393,9.90181159427852,305,9192
7,9.35097562392609,8.25258600668473,13.6126358656054,464,20912
8,5.40465374164855,4.82964380535293,2.44573472229991,51,202
9,1.39368188599061,3.70393666703452,6.09696615721626,58,221
0,1.03342653309322,4.55405838346021,10.4439303419548,113,548
1,3.36675207642594,3.93083286417581,3.42580178927891,53,316
2,9.23707039117418,2.00534898869422,8.00126321774915,194,1957
3,8.44727296815712,8.7482388061809,2.89622414519274,107,945
4,4.07237639319412,9.90305065310251,12.940119300778,348,7548
5,7.95413164157107,7.13972056697895,7.41415970997652,228,4064
6,6.22325540106936,6.09612585173215,6.26338632722431,148,2296
7,0.922307775483585,5.42457260718596,11.5338430610535,129,663
8,5.42589315503668,0.933678906132935,15.4644365379791,178,1552
9,2.98552413325522,1.54238656019044,0.125917722732015,0,0
0,3.15049549807259,4.57702040169056,3.00904092394332,43,150
1,8.50357007440356,1.22114761011069,7.06065790334274,113,604
2,0.801642589831367,2.26911975263801,10.4599900058772,73,451
3,6.4415340103789,8.80313308893625,12.8788794598547,388,11882
4,1.4906135758982,5.04414556208746,11.2037559581879,153,1468
5,5.84876758528131,6.99209218702882,14.7916797968028,383,13903
6,9.70605811463803,7.13035167971479,4.28893294867003,148,2421
7,2.49045440851978,9.79606852539694,0.194023829374619,2,1
8,7.25769564818918,3.39477531677168,8.18201913408728,187,2779
9,4.88492674684497,0.492216183287467,5.45753697285745,72,249
0,7.43558915801271,3.31378214330573,9.38028026071316,196,3298
1,3.4148468503016,0.141844397616985,3.90931251323632,28,33
2,1.73272341541331,5.21380121066273,12.1373808808447,178,2495
3,4.68587627508646,2.1055136464012,14.361725331956,183,2627
4,8.83327128203585,8.68306957519012,5.65168698215707,188,3903
5,5.2499589812395,7.66072739310915,15.8485149254017,388,13373
6,6.60952850975406,4.95060637157987,1.7328620124963,50,223
7,0.585194785392854,6.72967841364724,6.70568298993389,99,395
8,2.36973781087269,9.05204583875613,0.705207909506109,22,72
9,9.48605754190268,1.88424517392895,10.5356108933397,260,2723
0,3.92145773621653,1.08559955282277,6.94796035069809,59,289
1,9.97850596693269,9.18345788475887,0.172739916977337,10,10
2,6.01067012700616,5.7584036730342,1.71143338839723,40,232
3,8.62274127637748,7.02198652203932,10.5422976361001,348,12096
4,5.41283939775891,4.81687798589378,8.83304856597458,187,3713
5,4.85985449033512,8.01394901869191,12.3875216145938,306,7092
6,1.25181470200913,6.65711883906127,5.6155768160063,79,342
7,7.98102948911508,0.365093920231806,3.87591326404941,60,85
8,0.613707969543747,3.6114948527192,15.036939485178,139,692
9,2.79353740222883,2.69603140698911,12.8423150441563,157,2393
0,5.19908231282796,2.27005846610156,10.6776268589076,168,1855
1,6.58770322834148,4.20683711061661,14.584017498925,352,9698
2,4.06404352386479,6.65402307765876,9.11171316779475,174,2505
3,2.86243413014116,7.41621703103231,13.5064756622077,276,5657
4,0.961499679237147,9.17965928902991,3.11197565688935,69,208
5,9.24674742066738,8.68910908148682,6.62657816098864,244,5411
6,1.45009526859086,5.56507228303669,5.82853342530518,87,483
7,3.0221344510295,3.8586720549295,0.611168072740713,7,11
8,8.64071022472722,1.11747589887649,4.73090347294541,85,292
9,7.41392605805259,0.785666601944456,11.7279598324644,189,1146
0,6.41813159979362,0.996012783382248,4.27875141191584,67,211
1,2.91101569997922,6.17999961661069,0.354389678175424,8,5
2,5.99316373893348,1.50254760672202,6.45567871978936,116,1434
3,9.10609204994795,5.84841772643051,11.8547993180566,317,8416
4,3.23305318798486,4.02040161068821,5.26270904314539,76,720
5,7.95037975148209,7.60448898225846,9.29436439938193,280,7730
6,0.958327686481387,2.27702544886962,2.88058270152855,21,36
7,1.09770727538676,8.86233491643973,13.5312383235082,280,3534
8,8.01499850037714,9.28346114926408,10.5704195605172,376,11942
9,4.16110002325642,3.68675572028191,15.3668152255791,240,4588
0,1.89581210139858,7.76361529896166,13.1249129486721,257,4371
1,7.05778819701986,8.25826435788716,3.84312307938435,119,1538
2,9.14065333923367,3.48078616817973,6.15319180532122,156,2601
3,8.71663193670203,5.99201596939684,10.1540256812607,333,10183
4,2.43728164824462,9.68665042335404,1.04739390962474,18,27
5,6.40354862081369,0.841356771305199,9.13490287168557,136,842
6,5.13696663454424,2.41484760656055,15.3378917665413,238,5599
7,3.50677004071779,4.76786092312586,11.7715871490722,185,2757
8,4.12654531119638,1.04050917294132,7.32328534674167,83,408
9,0.47662045631054,6.12291118254224,2.14762494846359,31,25
0,6.11644552408471,6.75487252890856,8.40349117091083,220,4488
1,1.59647457754395,0.648695042533035,14.7259478292443,65,291
2,3.27497919197364,5.6374453787179,3.74461574028408,75,393
3,0.079645129034766,2.55342770078707,7.16250870972803,40,44
4,9.42960274344855,8.01138966808855,10.0737048160623,370,12288
5,7.55432259808365,9.69650718347689,13.623887192628,452,16277
6,5.32874598834961,3.37604179110916,1.8645926808211,18,54
7,8.72043370222578,7.94260971015865,12.7643405005208,443,15986
8,4.64377060810125,4.81798477107721,4.97267928794399,101,1064
9,2.33281836109167,1.58769446953131,1.491110623447,21,69
0,7.54346986998136,0.908980891914864,8.43345475719499,122,706
1,0.497153815882872,5.63793048957967,7.76865305936686,110,555
2,4.13478578491744,3.76916986952359,12.8510156723337,190,3297
3,5.49607547850053,9.36856246902771,11.3217599823692,338,10131
4,1.16910390042065,4.96001188081913,3.63826379300785,41,120
5,3.12613578629576,6.82046129015832,14.7197967594391,286,6809
6,9.93264571734117,1.85394846301454,0.370975382212557,12,8
7,2.6049500131477,2.17219426742575,6.07670910280528,62,333
8,8.65949005812458,7.27096320787122,10.5010025502273,320,9536
9,6.40179367033336,8.28562659968358,1.60923305806875,48,194
0,3.69567766321534,8.67400137106985,1.77981275988594,47,272
1,0.765784292715724,9.54150628212249,11.7563805368949,263,1863
2,5.44120110221293,6.84342779570905,14.2022735097672,330,9442
3,8.71647626264217,1.76174270646952,8.32264833802703,171,1356
4,6.38649372286391,5.05829720386236,4.92518735772804,119,1273
5,4.2112629169382,7.99842123392377,7.66099030391235,198,3490
6,1.63267703484136,4.75240245371947,4.53677784902927,63,413
7,9.97601392559879,2.86390331629411,9.86024354910384,271,4756
8,7.31060097139533,3.65119771209535,15.7669535724523,389,11363
9,2.46096959221254,0.856285128046762,1.09882847295547,7,6
0,3.54453129290451,3.32233845808094,1.7252391691678,18,34
1,4.53231026337991,2.61039386664405,4.69346131271929,60,400
2,0.075871641224048,6.93910869831024,14.9810121444151,224,307
3,8.69821545349447,9.67174484047748,14.1515346673214,553,27465
4,6.62377219065085,5.07474590363632,5.46941334034124,131,1682
5,9.1890172827465,8.46068497348213,7.10536818032403,260,6998
6,7.46943486215404,1.89082413151063,9.01478894556407,182,1934
7,5.72032291647856,7.09446242580109,12.4391638708416,307,7735
8,1.52943574054128,0.988875712137543,0.054062641517198,0,0
9,2.39548907618357,4.94906939364542,10.5490495928434,159,2293
0,4.96721320680827,7.78073273002867,5.10086574814206,146,2104
1,6.43865538135037,9.21500476827003,1.37546487626636,49,260
2,8.39335283874776,5.71563555055776,10.012408345005,303,7936
3,7.84655077581986,0.800054407951371,11.5622873681402,192,1415
4,3.4269053206363,8.3461072407824,13.569142490375,328,10595
5,2.55201817229565,2.17260911290227,8.79816163799084,82,493
6,9.23094166459874,4.00263215557959,1.94413636605615,53,282
7,5.74350253577908,3.45090365309315,6.83497716276147,136,1698
8,1.53198831827078,1.35243273153884,14.6715283826484,93,688
9,0.809034550240342,6.55490983382541,4.34953628531707,67,240
0,2.28606005165929,1.42287646846678,1.14727670193137,9,20
1,5.5168367677345,3.56575156422458,4.93483289468923,77,665
2,9.26336361899808,2.36545148465327,15.6989787197321,343,7626
3,4.20986467727912,9.93614633543211,12.3502511113677,349,10805
4,3.59909932510275,8.05490489091078,2.76737063877655,63,308
5,0.088929522755024,7.67339147902984,8.16038619242815,127,107
6,7.05816775872092,4.89128266482775,10.748416871706,289,7730
7,1.37224529518607,0.803884708735253,7.48770900035195,32,144
8,6.72066445450786,5.18404103482145,14.129475985315,362,11974
9,8.55480675827395,6.29592634898029,3.26655353001035,105,832
0,5.80991312030609,2.25815816765848,14.2981484054372,229,4664
1,7.46020661815662,0.037747316967433,6.09179350366798,92,60
2,8.90376726139911,9.58319516188305,1.0169495712131,37,110
3,0.40984767311835,1.22996141540103,8.4859535257459,25,89
4,9.52493408424347,4.14813392201638,3.17271187459235,85,714
5,6.47712976739568,5.65382996382768,10.0386178675071,245,5720
6,1.44762387266552,3.68120925782155,3.52425107518469,29,48
7,3.77519076929391,6.75215489225767,11.9074465820585,235,5815
8,2.52676890726949,7.50357689633859,6.49094491313982,122,1297
9,4.31671712202522,8.89405460520389,15.9655911434749,388,11785
0,3.5125909252673,0.546098808003291,9.11844386246735,73,174
1,5.33060080997,6.21400711317387,2.00465888889006,46,197
2,2.86051148658744,4.47552652162619,14.4647805189253,221,4902
3,4.47376015373872,5.3181752095087,0.644623326330609,18,21
4,1.799578644102,8.26670343063721,11.0963484962734,210,2412
5,0.580619760482354,3.96698501802804,4.8188241509872,36,62
6,7.77309014161711,9.16007410548673,12.1406171070877,438,16780
7,9.33267298653032,7.7873258374574,7.20223436575252,236,5860
8,6.83141662193031,1.98416495948321,14.1974146629937,247,3848
9,8.27457231555102,2.01990148374008,3.334402743233,78,533
0,4.79371742578521,5.18741128798378,8.24440069066819,176,3005
1,7.78520286791283,8.44822658210823,14.5326834440156,479,23192
2,9.23731770420389,4.60102587748869,7.42684064710562,218,4298
3,3.28866630267546,2.3273766801154,10.3550997852085,107,1058
4,2.9379878654595,0.780944818950487,12.6526249606605,95,541
5,5.82567144597948,7.84044958163881,13.3811027137454,361,12049
6,1.69779703306252,9.32360946943407,5.25944362150021,107,470
7,6.0822332215106,1.83865715449246,2.40117584983072,37,93
8,8.41826408090258,6.10357656610302,3.92951389722986,129,1425
9,0.559301872076827,3.83772909862266,0.551084873947501,6,4
0,5.77676827135007,0.193700292785702,2.45848747361728,39,31
1,4.62584666605061,4.20838367900883,4.40300199099071,73,645
2,9.40914378791762,7.66130396228687,14.6241032949743,500,21879
3,2.25402114909556,1.91125615183429,10.1572393845811,85,597
4,1.85972878350223,6.40375661047835,0.623278663170436,10,14
5,8.70018825929405,9.20774927301219,5.61807319399366,205,4531
6,3.54773990946914,8.64874693723665,9.48652217641092,220,3488
7,6.60956853389846,5.87118704635032,7.79887449635548,208,4358
8,7.09106618208218,2.74831880112249,13.0152407876627,298,7279
9,0.473919760911192,3.86875723053659,11.4764634430119,98,344
0,2.47246211391489,8.95904399687141,6.05864402572215,142,1338
1,9.69831332394056,1.50240279348013,0.542297951899242,13,20
2,6.43369693310696,9.9169787490185,10.9109340036782,338,11435
3,5.20227318174203,0.706765281861631,13.0091172059973,171,1121
4,7.21393378280105,3.72243342302241,3.47739705081201,70,490
5,3.00580376884294,5.08504362130607,14.9454024633343,259,5312
6,8.30095771555867,4.21999112689693,7.05357982221164,184,3109
7,1.74891764047852,6.00881483329447,8.55792449734877,153,1291
8,4.79416270883761,2.71612764047674,2.82183525203715,35,114
9,0.20246754209575,7.34443828842851,11.3551222282027,161,361
0,9.17152269378719,2.31505596931865,0.625147907607399,16,13
1,2.77154645731238,4.52367239999899,14.314502148766,194,3479
2,0.223412544929625,8.48537237120455,8.39458787630508,172,343
3,6.08084680164325,7.35390582625686,10.6693771233878,264,7212
4,3.87493332435065,0.891455064556372,4.38423902991615,44,136
5,4.85875125919089,9.16587792466254,7.11700591914426,178,3151
6,1.4035703924496,3.1495086395207,6.30004157881533,57,202
7,5.70239614254043,6.57690953532275,2.77865077635006,50,273
8,7.55706593268392,5.65749422998494,11.9326793277774,326,10828
9,8.85295611367375,1.19461925432457,15.3109363228418,326,4705
0,9.77565463532603,8.76701252998077,6.43568272783783,237,5040
1,3.28814948903338,7.94197443214359,4.17520819591909,101,971
2,6.32397610656154,4.21618857387048,0.58853155891353,10,12
3,4.6788782323906,0.771484874816926,5.46505760240072,59,149
4,7.56319809244816,6.0202175201478,12.53126518275,343,10077
5,5.1622295710965,5.67076002171153,13.2957436344443,295,8271
6,8.30992990922917,9.46928227812024,3.10887809702019,92,643
7,1.89998327687865,2.34676007192007,8.28741412219543,68,495
8,0.688174436722263,3.86240435229309,10.6603558773891,92,354
9,2.98597431768552,1.85426769265753,15.475368107222,162,2583
0,8.10816035223518,7.60290881142469,9.33438521935855,301,7275
1,1.50887625140933,0.579072527685995,9.82445602046075,54,200
2,9.46487093015434,9.23190112176892,15.8185025802098,581,29446
3,3.95158030943987,5.04669781788511,5.96763621973785,102,1158
4,2.94483545302074,2.94518857975954,0.263472420011688,3,1
5,4.77960864254247,1.31373525884465,7.30530878857515,103,682
6,0.60210183012735,3.44258902332446,3.70025010296835,37,74
7,7.45496031739301,8.11463994358571,13.0851729582585,425,16649
8,5.35617853432842,4.83692432990929,2.97469151905777,67,402
9,6.94708754697556,6.02763183285593,11.8456364264116,294,7877
0,6.94031615323926,3.30835507063231,0.067271673721512,1,0
1,4.29367641335844,5.88449653479386,4.15718041576304,106,1403
2,3.41570357828493,0.676233735040477,6.1677120847875,42,202
3,9.78695681047904,4.34091640919209,10.2105190205208,275,6840
4,5.54602459332075,6.54353437837412,12.3840575119747,323,10927
5,0.547028146424448,1.84053587994919,15.4043206617612,72,268
6,7.05334016300518,2.88336829803091,8.6010379767888,178,2055
7,1.39859966271846,9.16039387500615,13.0256956791877,237,2653
8,2.27073373242173,8.33957314120817,7.53491816444155,170,1449
9,8.99933512283112,7.33522318021357,2.96730427030598,103,781
0,6.33670566889753,3.16424106722315,14.8473509928372,276,6102
1,0.144475696594605,7.23679803459612,0.913189986773312,14,3
2,8.23297221207804,9.50252962670166,4.43544400769194,172,2782
3,3.90548947749133,0.271177785711203,7.88481398683929,75,119
4,5.03689328891077,6.94760250160772,8.41780343109292,192,3620
5,7.21980071196192,4.46386522142885,5.33577112159837,136,1493
6,2.30956935223823,1.05879601654464,10.3428262724575,61,272
7,9.61688407196639,5.72926640583663,14.2834797403776,414,15532
8,4.53410169008587,2.32884528820899,3.04221897089705,37,114
9,1.21826948285339,8.65348893205825,11.343805248161,228,2869
0,9.28793774817142,0.910612507372605,12.7790619427491,262,2398
1,0.889304723828218,8.01483016243171,5.43686907856655,105,234
2,7.88074857707419,5.80910321682305,2.13105005583599,59,386
3,8.75765761660297,9.93846205312467,13.799079883495,464,20339
4,4.56347047381285,3.78930044910815,4.52097387601215,79,537
5,2.12000274961689,6.13019445987037,9.4988383192368,165,1951
6,1.5319717344965,2.08127910484089,7.68499866588646,61,393
7,3.35679625565493,1.0208452398077,0.682678368985288,4,3
8,6.79221703315535,7.62874522582807,15.4158627764993,416,16107
9,5.75812920649685,4.62967265185989,10.9700789227458,213,4724
0,7.50239852784354,0.623507809956222,2.04442247916361,32,32
1,8.33867960445703,4.35771676494243,10.1277052941702,255,5912
2,9.75701186774736,3.84440561229207,15.4405848967927,442,14484
3,1.54389369649264,9.45329973864654,7.61119161518345,178,1561
4,2.87684777415411,7.72644135810742,13.9992425740927,278,5077
5,0.543543914649442,5.09553620763624,12.0157984900902,141,1065
6,4.23826241333993,1.39602434630235,1.29731286054104,15,21
7,6.85109188223214,6.9832414364724,5.49932493241196,172,3482
8,5.55721904493004,8.80846028947715,3.3982089044729,95,695
9,3.20684103814356,2.15994080236693,8.9031069466461,110,1268
0,9.61688578326082,8.0752722410036,12.1838946846674,416,15266
1,3.50900218353674,9.07336075951692,11.1635003826119,306,7582
2,2.99159777552998,7.19583924189423,14.5781029143641,272,6211
3,4.98321598665375,4.48525325459323,3.5394006379551,57,264
4,6.63502456614161,6.78477432116279,0.756951260959,16,18
5,8.44287050610589,3.48549589116587,6.34978210455349,148,1647
6,5.49114096913466,5.33547661056087,9.23489564203199,181,3011
7,7.68247906623686,2.08235299033676,7.83716670906053,151,1429
8,0.101574544235381,1.55029552318313,13.3339437575613,45,87
9,1.32835207381072,0.271268586483177,3.18726155804575,15,31
0,9.68274383962704,5.74373681495245,2.64788437563542,74,481
1,0.940717079639108,9.52805842189212,9.40817066753025,209,1179
2,8.66345832301609,6.41122736263166,14.7423387693453,420,18184
3,7.87127290761739,2.26879709616698,12.7552673506826,273,4016
4,2.82748095975701,0.998698481841287,6.6284557602233,56,284
5,4.360117715489,7.07171052088493,4.96180030109065,115,1385
6,1.6001239399395,1.04356068057242,9.77953846279564,55,221
7,6.15626133981136,8.21725740049386,0.917004677236104,30,60
8,5.5355258826956,4.97107245862782,4.44955904114888,115,1146
9,3.23042197181434,3.97923816831998,13.3866674845994,196,4069
0,2.96731917223059,1.80192039225598,12.6103468238073,126,1358
1,7.81140750270066,4.91507676527881,15.4219185518131,379,12858
2,6.10972380124712,2.75659393401413,2.22025584089408,36,109
3,0.121751997647678,8.82242231001628,5.48121858388849,100,105
4,8.59447385491262,5.21649056726612,3.32051429146785,98,728
5,9.34488917417318,9.2635729509186,9.65033151239364,386,14270
6,3.03490585907311,6.20852754029919,13.9127609667025,260,5173
7,5.54164150783305,0.765063431365564,7.10148622721789,89,268
8,1.38784509968585,7.9479170789345,0.883544108887407,22,44
9,4.10107649237174,3.7168372067339,8.89225799619587,128,1789
0,3.02828492829098,0.150736993031168,10.7483253787349,74,95
1,6.13706794254045,9.620559195419,2.57808882728862,81,765
2,7.17320363075991,6.41986959087031,13.0856526472635,361,11594
3,5.05441012775018,3.6132833468419,8.60183569601679,141,1792
4,8.65665695662285,1.76167490539418,15.1485408209995,340,5292
5,4.83700779580312,4.54570301603295,7.07102374074942,142,2097
6,0.373315406365941,5.62763035490179,5.08523969331527,61,106
7,1.8745764767182,2.93525031439433,12.6790881468548,132,2182
8,2.21334657456013,7.29906430960884,1.21971001871036,30,73
9,9.32539042356124,8.35916393863395,3.97016933137256,143,1683
0,7.45210220576431,4.28262560595149,0.711011779681704,16,49
1,9.81748093509014,2.67342080024687,6.15907563112782,163,1662
2,8.53372066135208,9.01834866167363,8.98535023107398,306,8481
3,3.33848051036798,0.75568177704952,10.0677272253482,84,438
4,1.65795082811941,8.26534247480693,11.8732163324423,238,3479
5,4.71772225474349,6.3100218462161,4.33071100854802,98,1019
6,6.55804897562949,7.52790982794392,14.3572171893822,401,15649
7,5.05661497313472,3.21592560093896,15.8290219494071,265,7025
8,0.169882875160825,5.88447131357553,6.9478924934118,85,99
9,2.28529772089023,1.08536877932657,3.19711660686057,18,36
0,4.22301264141188,7.654831358394,2.66921509953308,70,357
1,8.52563102800037,4.04339669415605,14.6919621297588,365,11831
2,9.09125056928225,6.06641640448144,5.78153188261001,172,2281
3,2.43644839882311,9.55182822422359,3.85913548783328,91,580
4,5.58179126477771,1.10493918032795,10.6460792149338,144,1132
5,1.52207357113733,5.02234678842686,9.5920844039668,100,641
6,0.330908583078026,0.171512997648022,7.9005071443721,6,6
7,3.54244580607721,8.56484917099957,11.2068508125378,258,5183
8,7.95880095425885,2.70334095451893,14.2167020229797,314,7070
9,6.20601740429138,3.20247856414138,0.106385272279626,1,0
0,3.53251486975652,5.51680059469062,0.489215179429607,5,6
1,4.11424845325806,0.213447881326042,5.53533920940711,46,65
2,5.54927500812825,8.53642954589836,1.89849265951299,62,345
3,8.00133363949079,1.83536235417889,4.21815090450894,79,584
4,2.32384963074584,3.61579255210138,15.2001477372516,149,1795
5,6.21993431383058,6.633788419545,8.16528076450125,212,4272
6,1.97121878996078,2.54103028906281,9.91623644979138,89,904
7,7.72724231956998,4.92726563263141,7.16741112991924,187,3566
8,0.349653380462238,7.9319026844206,14.2201423851502,219,838
9,9.09284508653062,9.51272320107355,12.1062251530098,458,20384
0,3.15545229215646,1.6946720036442,6.16975253157821,55,230
1,6.59594159573071,6.00810094164732,3.467876716394,67,421
2,0.25054442427132,4.61671233076714,13.224856968982,152,455
3,9.33384206434339,5.09372486605972,2.31269388045765,70,345
4,5.47125071662353,2.78093317979049,15.5395982269504,277,6512
5,2.02677058570313,0.991507688278502,10.2014143276731,67,460
6,8.09193793592084,3.53119879424151,9.48437164765281,207,2664
7,1.68592922070822,9.68277950019413,11.35113128203,275,4142
8,7.42896998071751,8.23731416089475,0.593286716071756,23,71
9,4.8647902219999,7.43759774375379,7.53432659748548,192,3899
0,3.44948196518543,5.77280449286174,3.46246391532226,65,389
1,9.2416712259726,8.24968106433933,1.64153762936627,57,282
2,7.00141822013392,4.60890486103004,6.54397689015939,163,2428
3,5.55996414714584,0.687773035545481,13.2584758376861,154,1044
4,2.59065522660864,7.47123668729165,11.1556156827867,199,2673
5,4.97204896477571,1.87635211302719,12.0936258450573,168,2249
6,1.36147833409428,3.44379484097973,14.9972187712468,154,1528
7,8.39413324282831,2.28490862304177,9.42194575138039,202,2149
8,6.20179958134219,6.89601552296162,0.725018130365599,18,46
9,0.070534295237322,9.86156428424996,5.30438180544163,109,88
0,4.39865928751841,2.12813504025052,13.0236346577496,172,2354
1,8.13688031969183,3.5121038554638,12.1334646964162,303,7381
2,9.68760142892073,4.27906027717994,7.97601559652711,229,3415
3,5.99290349089926,6.16116368789616,4.95400093318036,113,1050
4,2.39564682119671,7.42628090625454,14.8571702857053,296,6436
5,3.62455863591739,9.13101455443361,10.9911345864606,279,4189
6,0.962975942364486,5.69898510817449,0.115635219608379,4,4
7,7.83153497244688,8.45624004405334,4.60141715418712,148,2727
8,1.46355222330269,0.531144632564664,2.4388575733996,8,8
9,6.73748948445992,1.14637593866816,8.65322683828228,153,1267
0,7.83108440735659,3.81943808179327,7.07038989649637,141,1407
1,9.91173770827735,6.2759225530681,9.30367387625596,293,8332
2,4.25434008757761,2.35070232743073,4.62108465660541,55,134
3,2.77252642316259,9.21675771132199,9.99169718409744,222,3687
4,1.26547322499765,7.58551404248108,13.7189915587824,241,3430
5,3.20874253342839,1.34809554750787,2.82938398830816,28,34
6,0.944266159655551,8.65739303949466,11.6621270878714,252,2166
7,5.01930441671787,5.01564731794207,5.45441237877804,103,939
8,8.96538870366343,0.06437488351504,0.838358724297142,20,13
9,6.14926189698881,4.09966115273125,14.6157997542529,345,12626
0,8.42006266957945,5.46822640409263,0.082487797226002,0,0
1,4.06114618104769,7.88832581470262,3.1339892750535,74,460
2,3.48933083162424,0.766697823833483,8.44345698215071,69,436
3,5.81334332904511,4.81194225130181,4.59739110343907,99,1074
4,7.09875296868169,6.81326230135065,13.4220721903382,355,11683
5,9.06959184739631,9.64271715474556,6.59056009217497,227,6008
6,2.15363152039327,1.45801462431595,14.5287091203349,108,1142
7,1.76440011138931,3.86467775258565,9.85041263852873,114,1429
8,6.72399538414474,8.92600741760325,5.19982911178778,159,2602
9,0.565017768906111,2.02380604325834,11.9816293662893,53,203
0,1.87488196744214,9.93565512940955,8.01368763218907,191,2074
1,6.70652963230319,2.5861203488055,2.93377209390118,57,235
2,0.76050200441724,7.29814297114814,3.33989231598983,65,164
3,9.5231780098395,1.14913510784754,7.40920799686523,151,891
4,2.92423770081413,4.82952316550075,5.60651991494414,82,841
5,5.82503891062336,3.83652019444758,10.4427029742822,224,4983
6,8.84388496566563,6.81450796813053,15.8827405524924,489,18807
7,3.67300910096305,5.64508269196679,12.850584018034,236,4748
8,7.30457994708725,0.366015387591876,1.23742755940604,21,28
9,4.03562979539014,8.30407028478026,11.2832838373877,283,5692
0,0.30774951660782,6.72147708273402,8.29415316302288,97,243
1,3.12642622715503,1.06197100697941,11.1062578902696,92,566
2,1.76080754143108,5.46828856767287,5.65176180242742,96,508
3,5.85078038263068,8.8276711355692,12.56376873662,346,12071
4,7.25700623222243,9.4512153132784,13.3473520092151,411,17681
5,2.40709195615802,4.14908974876825,14.9364613073272,201,3197
6,8.49856921696356,7.98503384500596,1.57686476907846,53,285
7,6.53332684275294,0.889285462074263,2.43493287759176,43,54
8,4.65949017108765,3.77131363322501,3.42511267817719,56,414
9,9.04160323335532,2.41151160289921,6.75147948479153,162,1988
0,9.96933012535166,5.89105061693053,0.39061891329105,12,17
1,0.125378884108188,6.5936750743979,5.11768384565935,73,72
2,7.16055781076317,1.8059056470189,7.2428846701695,122,690
3,6.67673669867989,8.42743107116022,2.45953308703182,85,656
4,3.54143447660984,2.11339832734491,11.9037131805332,139,1198
5,1.01846590489324,0.433727062646016,10.8350274341204,29,100
6,5.06197503598952,7.4572997979969,4.02664704116576,94,904
7,8.8880803822588,4.5509441938406,8.97551272823197,215,3884
8,4.86887079553939,9.10558271290443,13.9579942166525,360,12228
9,2.35727092199605,3.99140186304961,14.4400401625022,179,2757
0,0.257567725649517,0.738662053561825,13.0032852003808,27,72
1,4.54389842071315,4.90728956145257,15.2040506948113,272,6323
2,3.73955114873499,2.9210295160538,5.69804082376994,64,407
3,6.60500306133803,1.5351067800006,6.94040921838974,109,850
4,2.39212785498679,6.51150836476564,9.71464098277037,178,2175
5,5.11832407300314,8.26567846550284,12.7096056570132,334,8918
6,8.78077323488719,7.93579983152929,4.43736498157349,139,1617
7,7.36378605159906,9.45791916719962,9.34220972880819,286,9100
8,1.73605401448279,5.12759123928738,2.18698943085797,29,74
9,9.51297884191434,3.43270491462655,1.21732964803112,27,54
0,2.22597838465518,5.46587172890768,6.02469154679164,88,836
1,0.639468439492104,2.05768328458354,2.79077641349958,15,40
2,4.45700230937694,0.186405414068111,11.0453456219309,101,203
3,6.40014546728456,3.56050873407797,0.013577619333509,1,0
4,3.59285200489222,7.86618891526558,14.7466947903824,348,13825
5,8.49126762849,9.88280567918849,9.32349874279251,318,11478
6,7.30348420855156,4.06994401013863,13.8729280813231,289,8387
7,9.55906128776525,6.41910508628671,7.83102376591759,230,5040
8,1.66949857655069,8.58300648300455,11.2914874472484,258,3867
9,5.02669315858685,1.14706990455034,4.15514234514631,44,136
0,7.00055418458525,1.93614698659853,14.9576092797305,274,4518
1,8.60831940140007,8.84802790265728,2.93279638758307,112,1494
2,0.362148783480237,0.920300270572748,9.11621571653226,20,29
3,6.75231097067346,3.44913968845939,12.306218312344,230,4252
4,2.3751763983131,2.53643039678949,0.521336951751998,2,1
5,5.48600344823823,9.74209259255824,7.65696286787684,243,5487
6,1.40708497281539,4.69614592493854,14.2406016357562,180,2534
7,9.65057479110935,6.89067859560547,9.9496775384329,353,10767
8,4.35613916201497,5.7163310272567,5.80079493938673,117,1367
9,3.96376764994231,7.99788470822846,3.82741572656444,96,608
0,7.56620482350714,0.169557994370136,8.0875834174559,120,176
1,0.237924162244983,6.81747643930492,7.64167833419101,120,248
2,3.98865655491401,3.36888462237401,0.981930370959323,18,77
3,5.50086995338217,4.29380202881551,14.5112124744243,244,5386
4,8.19416207741451,1.8281251918569,13.6137246749899,291,5051
5,4.47706674956727,8.63852504619167,11.3319329247743,310,8331
6,9.86641512952482,9.89825908367483,2.77751552275716,112,1225
7,2.0218067931244,7.6298837036712,4.07440274223661,73,356
8,6.67955411910729,2.74081765793212,6.32571765985968,115,1282
9,1.54796779679393,5.83644589625961,9.89301659451483,148,1368
0,4.42835028381315,0.460509159908179,14.4416472797074,131,526
1,0.46472195619875,3.4292107795417,1.97926641426989,20,25
2,2.97761536752375,5.89733896556877,4.43870478674292,93,766
3,6.67799801524258,2.28845835041813,9.98406147002264,180,2081
4,3.40724641726207,7.24901996210677,7.5665652537518,148,2540
5,9.02605788598559,6.93919743282576,8.40305322458788,261,5731
6,8.5653851600992,9.80924583675348,11.8324679967211,438,17331
7,5.09607597563836,8.8206255930672,1.57305966385825,52,383
8,7.83444995734776,1.19519381427593,13.1916987700546,249,2547
9,1.75251866057036,4.14329599143094,5.40219300367723,62,207
0,7.11346050152477,9.06852598759699,10.7692196829653,360,13006
1,5.05341667193451,8.86799393333611,14.8785283386487,421,14060
2,4.6082976137419,1.79258716003357,2.32379868323728,30,109
3,6.71535321250021,7.57464207062184,5.00426661597169,135,1416
4,9.37280998920321,4.08366341005118,9.28407728543133,267,6586
5,8.67967586749064,2.27331235865372,7.30485100307849,171,2056
6,3.71295881555953,3.29771984805852,12.6425370019358,170,2758
7,2.93534228139691,6.56074319601542,13.5927545009045,280,6050
8,0.064873637835107,5.25804389403672,4.70628107490861,53,41
9,1.19229172323108,0.072959863912955,1.42698912701012,4,3
0,3.60851234252535,5.00440160900379,4.87145604620356,78,496
1,1.39348055058863,7.00033015925948,0.53619882671396,8,18
2,5.96482312547225,8.47226346079522,11.8262976323566,349,10968
3,4.57168232609927,1.02929370500537,11.1838743860399,125,708
4,7.93778763045879,6.97453255366238,14.732617395071,445,15890
5,8.00759141617391,0.222065174541392,8.87164738459216,133,256
6,2.57267058319112,2.47266472936484,4.77970487871781,59,294
7,0.717186889725271,9.06113763001222,14.0672307327042,271,2398
8,6.74508017116222,4.52204841617126,7.98938800141134,182,2501
9,9.90497688178168,3.37995612514741,3.14927730345627,82,474
0,6.0503629989934,5.85614957259594,7.29504338543719,166,2282
1,0.653339924418811,6.90956894334459,1.67324214308596,23,46
2,9.85142639441501,9.44966166311292,11.0910758970969,392,15028
3,8.9424578385333,3.28042986157358,9.00469998927914,202,3296
4,5.99732061163977,2.14083342765301,6.39049917341298,109,910
5,1.28217864564923,0.683764824777804,13.6597702476366,66,382
6,7.57537006482572,4.31223183962074,15.5361774270499,382,13025
7,3.45071798553215,7.90953856991339,3.28993529258596,95,858
8,2.56381748057517,8.67101247484487,12.2107778829175,277,5401
9,4.15745295718985,1.64568532517424,1.22343937854457,13,34
0,9.08004132409144,4.36122273523429,0.940948466422332,32,143
1,1.75549906869679,1.26048757905735,12.4100718781766,82,747
2,3.00950620241811,6.85755312709991,15.0613000982418,286,6398
3,5.95900844360873,8.37465309165326,5.47237221248234,172,2218
4,6.51525536411258,0.016833319860562,9.74125199773587,116,85
5,2.98301643070615,2.39028910083933,6.72310538321917,71,409
6,7.05799757247271,9.65452226901094,13.0474804850047,416,15036
7,8.58352954886591,5.25435953880638,2.37070042985846,57,332
8,4.34932703597591,7.43198759242516,8.8468088655212,199,3918
9,0.843482492814286,3.05671513828223,4.71830421005482,43,154
0,1.75015482379492,2.02628477233761,13.0556568993817,89,605
1,0.631174204009007,7.45062104793028,5.41286136066922,88,137
2,5.31632205700948,5.75855522846679,3.44886414640078,69,380
3,7.16095548745673,1.54614447046338,3.14189946553064,54,172
4,8.40934296382894,8.65147608792907,12.7148636427603,426,14289
5,6.66157674057406,4.51667639260534,6.93777543395297,139,1720
6,9.63370974342311,9.99187454468231,10.6235963392603,396,14427
7,2.38264115506557,3.05462153648904,8.85400531295006,89,638
8,3.61328639383313,0.491044821772377,15.7049391688252,130,743
9,4.81374829556755,6.09141654911452,1.00391297570711,20,23
0,0.74139497227975,7.31416741279196,0.925025078019392,16,17
1,8.32835735232721,2.37421279573906,3.284138976343,73,499
2,4.49326443410511,9.62063695212076,8.40850208187403,214,3312
3,1.9161510268144,1.76252567709398,15.4213668878168,116,1158
4,9.95565542524153,8.73555819826792,6.17469102417708,246,5442
5,5.92706911605118,5.81442356707915,14.2671734354902,344,12268
6,6.26244806696384,6.0321844032154,7.20067119333613,182,2757
7,2.23246904021676,0.047733789678756,2.47275877238112,9,5
8,3.29766450592931,4.78938296068863,10.9328794097104,180,3116
9,7.44131111238846,3.53307882232463,12.0601993611958,251,5883
0,0.611353030775142,5.28554293786953,15.9244254354453,180,935
1,2.52282752731093,8.15705888409914,13.8633270848145,296,6656
2,4.00769780295471,0.449087957168577,7.90670273350712,84,257
3,6.83006537219578,3.35583037866766,3.51945549863837,66,487
4,5.70412235423244,4.68222637670599,11.2651196724061,233,5605
5,7.6618292896781,6.96643481008432,0.781135965242387,19,27
6,1.06878065769766,7.36300144998256,8.7209974633122,146,794
7,8.36205585017249,9.06222417265224,5.33038763720781,156,1851
8,3.93538226073279,2.89761400834239,11.1322503590219,152,1775
9,9.86258924134136,1.03794973023987,2.91613397145829,68,134
0,0.353995569544667,8.45771405149823,6.54341527171333,122,217
1,1.55436404082841,4.64282368827543,5.8928798368473,75,325
2,2.61540567742777,5.1030371309751,3.13962252485627,57,231
3,8.32158394036247,7.90446375855233,3.68092337288644,117,1116
4,9.5702481249474,2.56860421356993,12.578316674247,316,5262
5,7.23665537947971,1.78033824762516,11.0938520726532,197,2255
6,4.14337567106824,3.79444120092139,9.19533793503172,143,2373
7,6.37397025927733,9.25648052636811,0.370125299691133,14,56
8,5.73928962874644,0.529174453181849,14.9344011501225,190,1135
9,3.91618714807389,6.96047975156098,12.8572948710684,271,6051
0,9.1806437332247,8.7603873821805,11.9878763030378,447,17499
1,0.594552562360948,7.38906070961865,1.37016535810161,28,13
2,8.42662537347639,3.75162055084481,8.83710760577391,209,3287
3,1.33482785155535,6.38677020860296,3.7799357577833,70,252
4,5.56563345143751,0.898706829574793,1.99637786245619,37,54
5,6.78238309322355,5.17722238330647,7.05388156606752,158,2419
6,2.02305278344521,4.29234742421515,10.425177767063,145,1315
7,3.96940011256619,1.55133754269908,13.9937837715252,151,1665
8,7.80988158570571,9.31921103588727,4.99367804187574,171,2505
9,4.75115370364558,2.42423724529527,14.7545747011826,222,3609
0,1.92354275693623,5.53473971541351,12.7719837308705,165,1850
1,6.99588627575972,4.69372606146244,1.85072695647352,58,251
2,0.599841221143114,9.8964852726425,15.2652993132769,323,2663
3,9.03319631506556,0.146871875833207,8.15819384808584,141,176
4,4.08159163038693,3.22973465411853,3.70959410122221,57,377
5,2.48158905510788,6.10731866047401,5.64404147787936,83,627
6,5.40617201291149,1.13963839922991,1.51461079354454,19,33
7,8.60617730578177,7.51258396693423,7.02596515405357,224,4214
8,7.43884780971136,8.32117925896747,9.70385071394347,310,6900
9,3.93407684927148,2.42317283952675,13.4210583167365,162,2493
0,0.045331302047994,3.03291376866117,9.19408987118018,69,46
1,8.36161634128183,7.60795718381004,10.3950038266989,323,8507
2,3.75648384909992,6.94909708892843,7.13898313440027,149,1890
3,1.36891437335362,4.98972313255472,1.02336279762099,14,23
4,6.71517195260958,2.484164247392,13.5291300550725,256,4454
5,5.36947872363373,8.4680816210851,15.132446962025,462,18094
6,7.42323944149019,1.6449637707452,11.2260894428584,198,2313
7,9.56389211282927,5.55563475720497,5.07850261985169,162,2751
8,4.95068193680708,9.63408805761412,3.9816218239932,113,856
9,2.10886044664666,0.873999425537894,2.91624553448059,18,18
0,0.898238598200147,0.971477070270274,7.80679846892446,31,101
1,4.46712309269314,4.94342736625028,11.459966645403,177,2813
2,7.39212814696927,3.26598253937994,9.70302871434598,186,3009
3,5.72387103831472,9.22633827843749,14.8306983042747,461,20544
4,2.90961379688291,8.95749053102122,2.57111266054113,60,351
5,6.02503633623744,5.45862848743147,12.9969405654452,290,7987
6,3.4482388465554,6.20829772308469,3.95455147564287,81,582
7,9.61078135607795,7.70699696363042,9.00373937668051,320,9421
8,8.31856309812599,1.28442032390379,6.15797918814908,122,639
9,1.77240772212324,2.26724697507105,0.367791345923607,3,7
0,3.04754760888116,6.46191929341064,10.0738789033626,190,3061
1,7.64121499023502,8.14869931829755,15.7934730573598,510,22645
2,6.06443762555269,7.72382868182295,4.82932186967232,137,1946
3,0.733830119421456,5.18676841627001,13.6724055140192,144,1175
4,9.53909014502225,3.73854987437011,2.76452107067831,62,274
5,8.19858297822608,2.47935228921583,7.39496973677532,149,1286
6,5.53952294351265,9.4537417590943,12.4168515233671,357,11084
7,1.1829977166021,4.85143503785748,4.36110695826359,53,203
8,2.43873720751041,1.70860352434067,1.10724911224498,12,19
9,4.79956031624223,0.032910796954939,9.31446377748104,87,67
