,Unnamed: 0,G_Na,G_si,G_K,G_K1,G_Kp,G_b,max_voltage,rest_voltage,max_voltage_gradient,dome_voltage,APD50,APD90
0,0,0.7805962246349216,0.7192708902415658,0.6589416570283853,0.3506730280815829,0.37936309752966063,0.5453482271360824,50.24757989232712,-83.68221270907476,365.59849422705935,13.31045816497185,264,374
1,1,0.6375967866236806,0.14923164686305607,0.22791745089005458,0.05460892278127592,0.9020267632664649,0.9519160791565837,49.98080070045627,-82.45170494217125,345.39174128488355,2.1240888757957213,190,311
2,2,0.49548057248114125,0.6549557977068193,0.3099061601882135,0.8371009014953641,0.05870430866487528,0.9351042077006061,46.46579198614921,-84.13627402052818,339.0909845063262,10.875964411302174,261,359
3,3,0.0974582461419973,0.18569645100943966,0.690032791997369,0.7790359058591796,0.6476293708749148,0.5089138720743581,41.00666036454929,-84.72186137526083,289.4828500164146,41.00666036454929,228,300
4,4,0.07508165327866188,0.3539407486823787,0.22880822133504358,0.27527093577143374,0.2004234072298568,0.9176656780855291,42.607650086357424,-83.10208242277868,289.07188421069884,6.865519095769612,238,339
5,5,0.40554028402472847,0.8714375347615536,0.12245512456952688,0.067269651105527,0.03650403138178791,0.5520519352879972,47.57043273148879,-82.79665031096958,333.3410533098762,17.530331596327574,322,468
6,6,0.7347479564296349,0.2843498260391881,0.8982850935590754,0.7304193050106543,0.14168520755213926,0.24721484516855063,48.47155097267398,-84.92970652086683,363.57485731322737,48.47155097267398,233,313
7,7,0.1851373580471218,0.8633340552969704,0.2953936859341099,0.8329356597510619,0.6122771188289994,0.26458365007482687,42.07236846059235,-84.79009821344843,306.12591276036227,16.952901234743397,346,441
8,8,0.6549442426951183,0.08885585681307774,0.0,0.4029318300206766,0.9081707389821988,0.3409441770525365,48.49821121527826,-84.39702667068872,329.87223537561795,6.994333779742179,251,358
9,9,0.8840696236310023,0.6606470167803149,0.8913105643599298,0.4952204972251371,0.48614956864549685,0.22554409897102615,50.32318385322532,-84.43802276714428,346.495109821425,14.770209024571605,268,364
10,10,0.2390250047639605,0.11951729904205413,0.5502513082442424,0.8195366752399895,0.5085398610398414,0.07043947982353892,42.65774305967594,-85.32509664324535,316.5626456324734,10.18236265601946,257,327
11,11,0.10852978456239061,0.39938711188809883,0.10971370720415283,0.2413168696434782,0.04781780847196727,0.9249568424984954,43.321149876400455,-82.98067746028003,299.07537161657586,8.095370523034214,248,357
12,12,0.8123875325337727,0.9944661467579348,0.6447370542501745,0.8515772338553101,0.7257298232873439,0.797065227765006,49.3117829899338,-84.19662088717908,348.6292254562718,12.677173892463166,277,382
13,13,0.9003837191743447,0.3099694859036987,0.5469773656306766,0.9007488512813853,0.05657532214338877,0.8918174305689472,50.0816198529548,-84.39036368259261,350.23919930483515,6.511307173903208,206,297
14,14,0.2925132617558875,0.7447768826474125,0.13908567314684034,0.81065685534797,0.7883385116357484,0.016598734229205287,43.30222252317196,-85.06200723964628,318.6416214342396,17.487461990232582,366,468
15,15,0.1483808574785142,0.39274517764862005,0.08496078445326538,0.9695299077560432,0.6208391906818659,0.11861339778531167,41.12763371405479,-85.3257384490243,312.20857782601365,41.12763371405479,325,405
16,16,0.3260462388876676,0.9881894303336857,0.7629346205346726,0.42937044346661146,0.22956861482427154,0.16057738193467128,44.941489950068814,-84.21219542672122,328.95193817167814,20.69451706662107,322,418
17,17,0.9257188090339026,0.2245187134942502,0.12761332770626613,0.008267512822956092,0.9764779304156151,0.21487389096882406,51.7885077833832,-83.62080911729197,364.3436226810087,9.286551943604463,262,391
18,18,0.21262329038103933,0.7628917996584086,0.3830402340683331,0.08929698138649989,0.2929790407619615,0.44172522243233375,44.78689943448264,-83.13370966981455,309.21003891570547,15.590974132843884,305,424
19,19,0.8229861197695212,0.9328361079511149,0.4822198804163637,0.0,0.10637485939932899,0.9747670121941291,52.125207414912985,-81.82943113157765,363.7329523496344,13.170354662197193,259,401
20,20,0.5132857281636938,0.44303348879332577,0.9417849725883538,0.5143338974930924,0.6276270338222331,0.7483210423266363,47.30253368658622,-83.8606892498593,324.64472268284294,7.222184637074255,216,307
21,21,0.6460378817252926,0.4073560859305283,0.6729123228207758,0.18928593293725374,0.07026197245456549,0.7045624408512748,49.75205441765989,-83.1725807253878,348.1334251601285,9.342493643079608,222,328
22,22,0.9825112673569861,0.04250901311227321,0.33429382472225805,0.10930703025710774,0.6401495468452103,0.03391063382466388,51.78334052418706,-84.28534686203363,381.5762991527709,9.420835393328746,243,350
23,23,0.6121205712327629,0.7326712104511799,0.04395645867644159,0.5415988404851233,0.18300614556362874,0.8547476426962264,48.50202604287024,-83.66817014007798,343.7039418708887,12.468720764001633,286,411
24,24,0.16011797926620533,0.23326925494427947,0.07497045353536669,0.31694034835345747,0.15412119930450502,0.5030871794665576,43.32549470790187,-83.90599098558567,307.27883002084786,9.65448812366195,265,364
25,25,0.4321574906805223,0.43211453313793297,0.20920225022496192,0.19815378653646448,0.2625977486080708,0.6678704577071953,47.41959442015264,-83.26083196595155,336.65507601743377,10.060630272525364,257,373
26,26,0.20422948483442266,0.10756746677583501,0.20815064568301514,0.9548582744199825,0.5156888776182469,0.05435465332838789,41.89870590863152,-85.49507370617891,318.0016274597408,41.89870590863152,281,352
27,27,0.2255928047012744,0.30310302088868785,0.202219331123675,0.9392106434765166,0.9829126014047881,0.3095957232749971,42.24247243538417,-85.13181429017841,314.22525632327023,9.231961023823796,283,363
28,28,0.37921442154105267,0.040447730146411086,0.5362885508889926,0.7727504555731532,0.6587390232409006,0.3216159986163276,44.58428104694559,-84.99806374776695,321.3622169491206,6.348546720457711,225,301
29,29,0.2555841707189023,0.8233512055409329,0.7790361677014835,0.019963260788120423,0.8934597727454072,0.044896186537537144,44.89629184291602,-83.56386997920468,299.84449121349365,44.89629184291602,311,419
30,30,0.2983796047089767,0.01930601512429623,0.026169163690190057,0.5610453497983076,0.41389364889086183,0.7138308937405277,44.557030735076175,-84.17762571296427,322.4939623136069,44.557030735076175,217,309
31,31,0.9900434975727902,0.5140383136701869,0.15286069201684488,0.5194837102751989,0.5804446220631555,0.20087414032171344,50.98023227605667,-84.57250112751693,354.42165232692935,14.16766266062852,303,419
32,32,0.7511719177594607,0.1399318325464588,0.2731248004986744,0.3664077244970017,0.2711390162219169,0.1923642596239586,49.4984619230726,-84.50477895138093,337.4987310308722,10.723978331034589,253,352
33,33,0.8136667952349568,0.24367727445963566,0.17081420486091473,0.481236981559788,0.5745652236347458,0.052083522214668464,49.47046727892021,-84.8448394371976,360.6847834001454,12.345665227740124,285,388
34,34,0.5043530824646786,0.47614007037898254,0.6493490218698944,0.391392116317116,0.11237400892294783,0.44718296269629854,47.3772792385117,-84.02116170109805,319.0641502250814,12.57231987522355,254,350
35,35,0.6027622151648979,0.21685414499843483,0.9748082525301603,0.7415156452646019,0.9323959380503923,0.6595674335066903,47.36129877093289,-84.46114461200003,346.84329072914267,4.397598610440949,197,279
36,36,0.6604020461314325,0.06994835244764504,0.2614254397736009,0.794607214057409,0.014236663309712537,0.2558895746345641,47.661991433436015,-85.09297430762416,355.87100971650915,10.177917093142508,245,328
37,37,0.21928934842163222,0.1253243601778408,0.2190374338765269,0.23038232249730461,0.6735219456858356,0.9281770342533119,44.76067297993945,-83.05357103372181,315.02423772931184,2.376400404604135,202,305
38,38,0.572084785682086,0.5792199791694329,0.9826649531152399,0.20274378206816962,0.6963278797303574,0.4977457467401102,48.62033441170568,-83.46859562964352,348.8874504870984,10.528590859176202,239,341
39,39,0.279515092147463,0.10642337660955185,0.42708416923486214,0.5863521263143063,0.2583629196837147,0.38815221945760886,44.01443495296019,-84.61940494941598,322.20471480477624,8.052680853036916,235,317
40,40,0.5442981624872955,0.9316707911082233,0.8728651748901296,0.758687394770181,0.8156517593327561,1.0,47.1645224787988,-83.82450748495117,325.8385199328792,9.951048273861277,251,348
41,41,0.33104109714498714,0.967769967099452,0.3843418326675371,1.0,0.3547997284632211,0.8978461380021853,44.08251716805414,-84.31769599157268,322.84713336790105,13.32731058723651,296,392
42,42,0.6288345686933905,0.3612546457669251,0.7545819991749334,0.3303841336555671,0.41986910198436656,0.2828498794522073,48.57454603439278,-84.19346823189926,333.5434245099406,11.268810021769966,244,339
43,43,0.5371033891587171,0.32199305668575123,0.9520535662409301,0.7844995509933819,0.5402422855986425,0.7863981895298128,46.77617456211507,-84.33180052337455,342.60825976339413,5.619579240297152,203,285
44,44,0.7758360378243666,0.6843223678514567,0.5278842023566297,0.19361259090669644,0.6950723670231173,0.354428657391474,50.37326521779147,-83.61236737953148,365.6619434997437,13.528308910072276,281,400
45,45,0.6505855182121476,0.240820645767825,0.8239882994861399,0.5811317904759528,0.3047034018549978,0.6823485287904337,48.50239728664947,-84.15219650753174,331.6377320857762,6.330977857470047,203,291
46,46,0.5267833196213365,0.9580694939173847,0.6000895064402936,0.25706269936535686,0.19029212465257278,0.3333701377421087,47.9632878390063,-83.62525192980807,334.04585240413127,19.032040215441206,311,426
47,47,0.8803180605459098,0.5738396045637765,0.6981248888259095,0.46301002673081587,0.5872751486044241,0.46008228883493213,50.58186439327597,-84.10865610380264,366.82060511511474,11.59515043987692,253,356
48,48,0.11353550566367446,0.8501668846063966,0.9170454508142254,0.9592682166419476,0.45240757079507576,0.7215389829144355,41.09016431075424,-84.490314921574,293.1168877551919,41.09016431075424,271,348
49,49,0.47571370025568727,0.4243560597126995,0.5226417455082248,0.22672333721021604,0.8264863667543214,0.10669631585878032,46.93431301744919,-84.21436639078871,325.32674811613947,12.355908838946323,280,382
50,50,0.3831993064228658,0.9142830357228502,0.3332030160592507,0.9211058094710479,0.32496196264971033,0.8752172796317664,44.9075973498851,-84.24472041833985,332.53717817478804,13.179027985386648,294,394
51,51,0.355261969198334,0.63107738670388,0.04262309901598509,0.7994202688501464,0.9011273756214253,0.39748938700296255,44.28955634678111,-84.71643656267585,320.4418724989334,12.535006813931783,324,428
52,52,0.06693876891797644,0.6721496215278129,0.3060221598527866,0.11852770285548221,0.8457581026754182,0.5147412503207862,42.41814947677973,-83.16607548439022,283.67622090443945,11.786600928388957,299,416
53,53,0.6085799824103247,0.4542008887360466,0.8128417054039745,0.6603392976184329,0.7396359286316003,0.7580062983773613,47.84356406695909,-84.1226123596487,331.1808126328891,7.165619537440485,222,313
54,54,0.2442702981880715,0.2599070912988221,0.3737202506475721,0.4396166571739549,0.3490355547022324,0.5726621008037754,44.1300854567513,-84.0434964382024,316.46630610997875,44.1300854567513,242,334
55,55,0.619119646383046,0.582656570638678,0.10388149292672966,0.048689231284722356,0.0441757813633397,0.5808252136672671,49.86273417842912,-82.87941019477732,336.8062899188835,13.848903925604898,283,420
56,56,0.8349501460299281,0.3062910355885834,0.6334786974821608,0.07296840883766782,0.3772075123223931,0.15837943846369967,51.04786584917496,-83.83188894496195,369.9631616085976,12.15124643992648,248,354
57,57,0.26256015486149104,0.7895075608016607,0.5570728695406509,0.882083065100054,0.14939915426530415,0.7267585039609284,43.40304425052258,-84.39337927274357,314.39526473686016,13.5409623091036,281,368
58,58,0.746440757335911,0.20675725470451908,0.5753350990883496,0.6852384797119678,0.5946124673124189,0.6298243302250041,48.96563661065797,-84.42160109902552,343.75964036521947,5.954811229190242,212,302
59,59,0.8919977151986954,0.04766640569378217,0.26541702640505827,0.3042704293675469,0.9197246406084535,0.2992070777191481,50.78120290701615,-84.27813665977699,371.4903673686134,6.391997019773298,227,332
60,60,0.6889752459628042,0.18806225788011705,0.15951153775838486,0.2654702852215182,0.8817405675570162,0.37953309332486074,49.2996964764695,-84.00960901349754,354.423488714233,7.724266288210436,248,360
61,61,0.5831653242608855,0.6093303066848078,0.1465552704899773,0.028715646933343015,0.7352544138218177,0.30226032708963535,49.04855456634753,-83.27552470932481,349.465723404792,13.623290886851713,307,446
62,62,0.9656168806411579,0.5404283438667706,0.9968445175861309,0.41001555931225236,0.4592326422404244,0.4182809227135034,51.36423950150712,-84.07315728338608,378.3870753631746,11.60496465691242,236,334
63,63,0.755108279645449,0.8967289135226204,0.6819685157062634,0.849058704329125,0.8315394206929979,0.7644931038531595,48.74672666709253,-84.26882805943625,351.5552607596625,11.596810293264507,269,370
64,64,0.2864036705357432,0.06088375844772536,0.9911311805878759,0.6840254886418349,0.0,0.7061367532272652,44.20193463145108,-84.35098800021431,324.468407258356,3.8928170282060153,184,258
65,65,0.8415891976618807,1.0,0.4598665830178215,0.9847422229029795,0.631751640659577,0.8838483807437499,49.30514720684729,-84.3015027553058,359.2991254789772,12.641047607588392,283,390
66,66,0.006430356710106861,0.4489852421221542,0.713466160317736,0.31952056386415845,0.4011416535488369,0.41005018116374353,40.81055107854725,-83.9417010092194,296.3363820231234,11.241830131029912,262,347
67,67,0.8543449624991404,0.41938141093025383,0.8316810503080735,0.3768497341072208,0.6612684115620531,0.3171773840593302,50.43457696089767,-84.21188916641496,363.8505603957798,10.628216360651686,240,338
68,68,0.02461088363140396,0.8832870734722428,0.8309952583449932,0.42410748785160396,0.3870029920372673,0.16515416757387294,40.68427036970306,-84.26679236789269,287.2359610262893,18.4177481046506,315,401
69,69,0.1407747229536263,0.3265096437528199,0.45339126328022195,0.4541390237730151,0.4692797724303439,0.14024383822226616,42.232277327341535,-84.64261386785856,301.47984365652417,42.232277327341535,282,366
70,70,0.9176958475472335,0.2646851103401584,0.5181520625349794,0.5657352355296964,0.5624323490018128,0.6321562546400431,50.72565257509714,-84.19539024814394,369.1940728105423,6.870771455623792,217,316
71,71,0.4524575383419671,0.08647163014808805,0.3481870790305375,0.4474950066958412,0.1434103169230529,0.04128988697292416,46.15989833821765,-84.8775378343455,340.3800447153264,11.974856374716577,261,347
72,72,0.3111636470247664,0.12741181542959443,0.7843445648146633,0.8917570167877655,0.407305727494847,0.7787454117940341,43.909185322821614,-84.56375696819556,321.30271920912804,3.508029557207563,195,269
73,73,0.844937304512435,0.7839024041551044,0.7307008626241315,0.6497144306222831,0.9885719775781022,0.29000636119652884,49.53520598017968,-84.55998592154737,359.700686674,13.62124767587622,286,386
74,74,0.9747322058047976,0.8595790349429522,0.05124897487877932,0.46921619087065114,0.39844471850005825,0.22201421001788574,51.109939857896094,-84.2205657521102,363.5695987378864,18.989205211183133,350,494
75,75,0.4812326128282071,0.4825499493180069,0.8711360753547831,0.8295292262311158,0.9639312741954018,0.46590556834624636,45.71212831838265,-84.73942063529894,339.2690142424556,9.087654614883537,245,326
76,76,0.6835498460548184,0.02271265510754225,0.8841593354349984,0.7681184482052537,0.5307358536497097,0.8085601440717803,48.31956106533327,-84.37024824914856,343.2168844427034,1.11634595956011,168,250
77,77,0.8051820941034381,0.03332296296087345,0.4903174871867404,0.9872358948075619,0.31975984564733223,0.6635820393458763,48.7260996641641,-84.86012932390746,368.18339731238615,3.9951895469842063,194,276
78,78,0.3582822316323125,0.418105013511369,0.7435571421520835,0.7024200753956367,0.36786872061054365,0.823504248560679,45.06730392364874,-84.12191984224003,328.644109884611,45.06730392364874,223,308
79,79,0.1263005276497206,0.6362140720984386,0.9675981803177465,0.8630293986827701,0.7521146290006148,0.8344344394657849,41.42600748696374,-84.29685321731539,297.4380590477477,8.271854871656458,241,318
80,80,0.5636507180213373,0.8557352027777724,0.27669578823840757,0.7179932954773335,0.5034828659382297,0.536814897722749,47.07112670834544,-84.32842452488643,347.2143919543112,47.07112670834544,312,423
81,81,0.5963837332241302,0.17519331060581977,0.6076934525342672,0.5501002310912502,0.27964984725943154,0.09305866263810773,47.43491247639874,-84.92257210569426,352.80212027047776,11.569950784040415,249,332
82,82,0.6938655942875216,0.3422269404304007,0.25675294986050967,0.6185751733297379,0.7674655075821903,0.48218944065896563,48.478482374998165,-84.46494547216201,346.3613331983383,8.875178118313087,256,357
83,83,0.7987246839363934,0.6941668273752624,0.6605785000465375,0.5052723877444142,0.34123019527968224,0.43234501819985993,49.85092245085882,-84.16564579624693,349.3014231758095,14.24113821545117,271,374
84,84,0.6680843927123998,0.4903723821601304,0.00845328512640785,0.7633982094665528,0.4792515762510446,0.4932887198752226,47.89771372165793,-84.61406721021312,356.3897012092955,11.864346188022024,293,401
85,85,0.7294218567374535,0.45194052783607164,0.5926673810531405,0.8052028447372536,0.5244012682621954,0.6905417123227418,48.58113930483476,-84.44723412073343,353.05614629272003,8.636501397053317,236,327
86,86,0.28399915859844077,0.7100358283994936,0.710514270741587,0.9074616926631515,0.20933236004618075,0.21274684908245015,43.30161364096961,-85.01919455842801,316.2861080259479,17.192479443344606,300,377
87,87,0.0,0.36572230608754136,0.6373376416141334,0.6461400680476422,0.3708295705938164,0.5682938850735496,39.963981405960624,-84.37774202628597,280.22815219721474,39.963981405960624,249,325
88,88,0.9466213512959605,0.625002777858277,0.05984122056790313,0.02420278563887273,0.18392851942779812,0.14588995765429305,52.11691378245298,-83.47252280339724,370.6257576927704,18.358764218366016,326,474
89,89,0.7021203961183535,0.8286942265675472,0.46820223992821297,0.9762825642754475,0.09532519615403137,0.6758489696512312,47.98906074926812,-84.56618794182067,360.5923007833688,47.98906074926812,285,381
90,90,0.34255011586386164,0.3491730117067553,0.251635106840496,0.1610733812921048,0.48185042564155933,0.285078861364482,45.90000128647456,-83.8239262289771,308.6930758137402,11.666206355439334,279,387
91,91,0.15351506813246274,0.8082535480985822,0.5615599084976823,0.3340169693102505,0.30323233870255917,0.619922220593479,43.324376078811966,-83.49182413570549,299.93469682513387,43.324376078811966,288,391
92,92,1.0,0.9016441099853026,0.4013703514386004,0.944154462134753,0.7504289891347896,0.10269915942387753,49.84549909010484,-85.07822914933212,382.57107496123535,18.062162810997997,336,441
93,93,0.5592136493924653,0.4959681346852518,0.9127960735487473,0.2113730137301707,0.863213925121781,0.9616375275823376,48.826519367465856,-82.77451799608608,331.4856396383516,5.569711944165979,204,311
94,94,0.010038484885699618,0.2924477551766495,0.18312591766805716,0.4362133446769392,0.22080931292435643,0.06596156153213383,40.31213808715355,-84.72189360536647,282.0655114286312,14.427104082899852,309,395
95,95,0.39439022094041876,0.38810681060192836,0.06338912148666448,0.5024166628045841,0.8909042311817661,0.8387140925144664,45.98300973468907,-83.75979606107754,310.49888568110083,6.433818644409259,249,358
96,96,0.3457306381130339,0.5011526180582645,0.7930066516182727,0.45178577710510004,0.8000399707095308,0.9952483223502328,45.76043539686957,-83.3565771733396,320.112837877699,5.653838598095609,215,311
97,97,0.5506204144700385,0.6960266135264284,0.4697652626670243,0.6712762186526179,0.20328857107884227,0.600484821702755,47.17890032834331,-84.24533514019514,341.83872975062786,13.60812227846442,278,377
98,98,0.05017862940469539,0.5483169960250129,0.23464560162632223,0.2465651237830357,0.8679179542527514,0.45114554916585514,41.66210564579969,-83.67267475113387,297.79610291106883,11.04585979106983,298,405
99,99,0.8671020431400077,0.6015821268654701,0.8653882625927433,0.16863142658079436,0.838290684774913,0.9704687444819454,51.62691282651501,-82.5865381196522,364.59328287089096,6.81535487874716,210,326
100,100,0.718849836682096,0.1360518901904976,0.4455286191842989,0.22025437525501512,0.651473828118628,0.26963856728073893,49.64406518072561,-84.09751709323933,357.0213420735581,8.26826184791858,234,336
101,101,0.0929866929295105,0.7380844489234093,0.9422455905072749,0.9746382144710989,0.39012480330481214,0.40086698533941884,40.56517485860119,-84.89697608111626,305.0318497725794,14.31454075167884,281,351
102,102,0.9346189514289971,0.9244533985338141,0.5423477119828871,0.6764172894760824,0.21350605987441093,0.9858464375066411,51.02322326538049,-83.68642108678776,376.4454228758885,12.473017310110665,260,374
103,103,0.9074345040255285,0.19640111473034236,0.6656015981274047,0.2791865764015728,0.2868703658561809,0.5181658814978499,51.394213764172285,-83.79739770789415,373.6070049872598,7.596431670716197,208,310
104,104,0.05986282645279378,0.944060487792167,0.9271987488121299,0.9932948335077384,0.3100724516846359,0.13061797709375514,39.97470628495313,-85.10726949320545,301.5646484242222,39.97470628495313,319,389
105,105,0.01492738729882806,0.28024723149773867,0.21749463969382615,0.623365281810552,0.45970772311696356,0.6957955755121289,40.294776703844384,-84.21661599317832,290.2277979002663,40.294776703844384,252,336
106,106,0.4634448344837895,0.5868139229430425,0.9658128350517011,0.4933194930872838,0.8222632232133745,0.5553154851607623,46.55692503849438,-84.03246886671714,324.5120352390344,9.771210142363476,242,334
107,107,0.7375780935642848,0.2949595454803373,0.8560177868861369,0.07946813293638245,0.684486180144239,0.19566581738099198,50.17344648496614,-83.79586018997338,362.9344920055111,10.114592744067624,233,334
108,108,0.6979765791906346,0.5976297851974837,0.4437871776357252,0.6376493113491677,0.9308637125426441,0.6447641221747716,48.630749121609526,-84.18482577042118,334.3443660547786,9.591671520693302,261,365
109,109,0.5711656228536688,0.7801762318988745,0.3575271468754113,0.8749634415578055,0.687907629161797,0.9029620886339583,47.01231617937376,-84.19695635875478,344.9224917626412,10.28945504630586,271,373
110,110,0.5562646244042793,0.8785512136632795,0.5653446385315761,0.7503595688326952,0.029554059371444553,0.9595995309228617,47.47150257086926,-83.87140118000828,328.374036552047,12.897307420321903,265,366
111,111,0.8595787264494437,0.3963730996477091,0.1319708645954279,0.8967087269111279,0.13283653101996382,0.6549689005666,49.52230655176858,-84.64656537387734,365.6870374824786,10.379123286342043,257,356
112,112,0.2747780024806504,0.33673558121033137,0.7602217272373035,0.5474665290744082,0.7568110476776961,0.23656558780222636,43.7947169150086,-84.66522641185293,319.91120264096094,10.13839997093251,254,335
113,113,0.4185089528448888,0.6466512887782574,0.7499415160885772,0.15119544847906752,0.9578065978474818,0.0,46.370625587336285,-84.08273573486706,322.5816654836385,14.786709554318197,297,399
114,114,0.7636300823157395,0.837877722608059,0.40688444723837924,0.38746208661235787,0.09925261409731104,0.07678557874970686,49.53489575765646,-84.29405566640679,344.37221810421005,21.556634281853132,332,446
115,115,0.48960511566656095,0.7506159627776087,0.27991287235630047,0.21444680261265578,0.16897675430727888,0.9404993845370043,48.34658963158085,-82.71626308968027,332.7176056453838,11.55969618871309,265,392
116,116,0.6651488371453711,0.8451529032885378,0.1021438071542261,0.820640810498516,0.2955903267830889,0.9099185594780486,48.24274839229182,-84.07399668845058,340.49983527079416,12.65873727804321,292,408
117,117,0.9731354697952773,0.9651655011987378,0.13671461620899286,0.8575549151044619,0.5795496409798954,0.6206367061449136,50.451189184401485,-84.39794028145621,360.6174495352543,15.189029203441958,320,446
118,118,0.44723462836499117,0.5076807743820788,0.07268321241046734,0.17333348862441242,1.0,0.022552405742002634,46.60961549240384,-84.14387840768758,325.780547380687,14.0031258861674,333,461
119,119,0.24840752019570195,0.7209111604057119,0.3498538535526116,0.24898809634171098,0.7227116090836861,0.48789671588625605,44.62331355273451,-83.5272500164981,297.9874389244022,12.909674998814465,300,414
120,120,0.8931029187331204,0.8144352293050808,0.3602523343030161,0.557831633678613,0.946349323091294,0.11381271175556765,49.98610018876256,-84.58301210464634,361.95772347486894,16.168452787107157,328,445
121,121,0.5167791865298091,0.46170456665603254,0.43553500601288625,0.5241912793619702,0.535033682579355,0.7912674582488723,47.37478490039806,-83.82617757135638,326.3322514893345,8.091568503413956,239,340
122,122,0.907926671719138,0.5172301492646861,0.7046972527786517,0.15623811427753717,0.11893490361882957,0.026768308109174653,51.31391671778591,-84.11216691819165,374.332752737528,17.449487145464307,276,380
123,123,0.8325776490804845,0.2295140586238158,0.03353087600354642,0.6113578953552536,0.0805369085679526,0.8050804952633395,50.20987071478788,-84.06836861675251,362.1480987550335,7.047826988853685,227,334
124,124,0.42482357991898684,0.555143917631392,0.2841012461523239,0.6071804164491524,0.80912585412529,0.6724632219918791,45.85962712396174,-84.11392373464562,330.4365994495148,9.502118777532218,270,372
125,125,0.04811230238168309,0.9783278992913798,0.3691584583393968,0.12239085389084471,0.5651271292677846,0.2519667249237345,41.975493819263896,-83.36558093744718,295.7251909897203,18.37997675807712,350,474
126,126,0.363093161669796,0.1620522541157158,0.1884447661004351,0.013120552607445669,0.23543286690001075,0.3801701435241429,46.869005256678165,-83.3634262352945,330.47903954815223,9.422083002894722,249,360
127,127,0.12099506249639645,0.3806981050236881,0.6245359590890505,0.1374612752792729,0.970031623758775,0.5866290175337869,43.21838559475417,-83.25149887428587,295.13594657711303,7.326733476743455,241,340
128,128,0.0700300501370087,0.3155841759517972,0.8030211272102885,0.5788760111888697,0.24193785160046455,0.6469837466491771,41.31517614053671,-84.17026125465696,300.50506231082386,7.820505610453098,228,305
129,129,0.5879429156111539,0.20784610028332764,0.7903430908171405,0.40730565462617846,0.12610710723997345,0.9156339391796079,48.67679141900639,-83.46897516169784,349.8034587643526,4.131115514836827,184,279
130,130,0.5984449376943703,0.7108903436237702,0.844159749878168,0.7371032681558071,0.003959167978030845,0.2760190704032546,47.30314120136169,-84.72236308640478,352.41743748183484,17.45689178134362,279,364
131,131,0.08311200617344895,0.769652874359013,0.9061848180428624,0.5349819050350932,0.007841754373448024,0.3370343365505915,41.55580439137724,-84.30182890351372,296.1710114213581,41.55580439137724,287,368
132,132,0.49883143889095083,0.7033461957808039,0.7204391241206471,0.3577056511551672,0.7931102205690582,0.037476457101969896,46.78467695301799,-84.41659453342474,341.1465553304721,46.78467695301799,302,400
133,133,0.8681218934668845,0.22020271898773502,0.7660669951727568,0.7063850427845244,0.24410119009635245,0.5960684398376526,50.01145119455016,-84.48511436324907,346.0409955620519,7.152147188547123,206,294
134,134,0.7874749128007087,0.6113004627012809,0.4298263839839642,0.5698310955634417,0.6098726208795473,0.23194819397994698,49.25951817318671,-84.57396230835188,356.1192780518109,14.365316312612311,294,398
135,135,0.33593844182722754,0.9408525285166657,0.8476547830140246,0.29054143611802297,0.13533457054861017,0.7392417946620606,46.15307136661367,-83.14200380631367,323.7595445766183,14.667265955205847,270,376
136,136,0.9400990818674285,0.9480143766859699,0.8799003390019469,0.006120028701492343,0.6167523424082814,0.35910922505914833,52.27682031979501,-82.92611856407653,354.8852364276943,15.966133912093744,279,403
137,137,0.9628110381985653,0.6261264670260502,0.4992151293639442,0.09181938299591168,0.5989157851718029,0.3128119597085106,52.08721595872068,-83.44157996871444,365.43363388480816,13.71827649378979,276,400
138,138,0.41395208202233774,0.7935185467111818,0.5724157468228757,0.8766455305931214,0.8788575581565795,0.7839854888094407,45.13848529755172,-84.32970480415878,335.6818437456624,45.13848529755172,272,365
139,139,0.8516722747442717,0.16374040001203058,0.7740939017546387,0.9655611953124874,0.852798502930606,0.9766640337710355,49.379249345321085,-84.42393953293174,354.41996663854604,1.2917453471393008,175,260
140,140,0.38798433928552134,0.6666655380393547,0.48565285366841615,0.3388057951077079,0.3479936098041622,0.36451484016461644,46.05794418100835,-83.93651625953682,319.42823086727526,46.05794418100835,292,396
141,141,0.9298103037317563,0.9755702881994638,0.24259872525141166,0.16269650000670635,0.33822474097826727,0.11995076657933532,51.553092971183645,-83.61754736648093,377.801159053545,21.364846300184,351,501
142,142,0.4665350859050899,0.05488874398485079,0.6553404136513141,0.11475798507745746,0.9400132587020061,0.2634535081721313,47.3518237669912,-83.898893586414,332.6880356763893,6.123048807163563,217,313
143,143,0.8219137692584629,0.6595064063986255,0.3253035940513892,0.7240535553198884,0.7158552616748936,0.09556231003586721,48.95982709267107,-84.9322276005193,370.5193210761868,48.95982709267107,319,423
144,144,0.5251631114952695,0.09396478396577095,0.5123091225385974,0.8426822999749839,0.1759766771969531,0.7352088519841042,46.536840107298055,-84.56235349140404,345.8235128681761,46.536840107298055,200,281
145,145,0.05504935878819604,0.43435280774598944,0.4097862005228859,0.23745121190920668,0.33268003194872753,0.08782226330500625,41.53672266486447,-84.2464669563352,300.3067321028204,41.53672266486447,303,395
146,146,0.7096084199601246,0.27436343444197026,0.9597226754713536,0.9190482201234152,0.8016965422142336,0.5639612042690284,47.85112556770916,-84.81012359675498,361.1825136341038,6.262963773542902,210,289
147,147,0.9203980331510252,0.9571297561529948,0.19586931266712673,0.1323593874221557,0.8172285963414491,0.37089424537849497,51.69180884419241,-83.21534084226576,365.224843851314,16.149193690436608,328,490
148,148,0.2531934334874512,0.2508304399845658,0.3749147517869428,0.9306706440541261,0.22779512913484115,0.752791894500194,43.09680243529403,-84.62258511416105,307.78308696474096,6.716754913939188,231,309
149,149,0.23471879907754914,0.64383531182971,0.818476891547819,0.41534625999343266,0.7056743681443586,0.5432390003367866,43.98691602114368,-83.8673904882584,313.88234363271124,43.98691602114368,261,353
150,150,0.9560144589778099,0.368616464084102,0.3005152180942948,0.3795772370128528,0.44313362966835834,0.9899094591735869,51.815410194455,-83.25170217187981,355.234213752739,5.734768438156961,210,326
151,151,0.041852629973789066,0.8189638302481301,0.6129145542384946,0.6270821685644267,0.9490585575890765,0.1699094352792746,40.2584765695391,-84.64403718465232,291.21234259457617,15.27749530340188,325,412
152,152,0.45619988240984016,0.7712646066337079,0.7237519207150315,0.06318844472750845,0.5269883337883936,0.8155162611032378,48.26149859475,-82.42947377567297,316.50576519588867,10.88558849176222,250,368
153,153,0.12984765173346388,0.7286588667691198,0.9217921158024168,0.5895502866674681,0.7709083440195853,0.18887937455744613,41.734106773363145,-84.61445950324462,291.0209610068177,41.734106773363145,291,372
154,154,0.30623471130821106,0.17196385815703222,0.11679067245060974,0.9106202571151923,0.473606706077853,0.8671613541309371,43.85253143221835,-84.493615946634,321.88339262734314,4.28773284200192,223,307
155,155,0.6770683683497423,0.46904464226953974,0.6188984505980835,0.6315615483960105,0.36079157505919635,0.40899033446533317,48.31226288657443,-84.51520511981292,351.02545932366905,11.854282855876274,256,348
156,156,0.9518141525583312,0.029177181397515142,0.8934485420276527,0.7892321684789184,0.7836350422135258,0.3273017918936006,50.03344254888526,-85.00833110741426,374.079169668465,5.279257469588097,196,277
157,157,0.3691876100243236,0.9192860400616923,0.08811624741912184,0.14490902832588337,0.5582844711551541,0.6126002228157829,46.78550496626211,-82.91537280106937,331.0289704739768,14.942511269008142,325,478
158,158,0.7679805158396257,0.755705549044705,0.09666620802337932,0.061655806274630603,0.11638497904933412,0.8172801973548874,51.34632563142134,-82.42407789015121,356.7678091132309,13.275542268447976,279,429
159,159,0.1990134307748546,0.20090756659438416,0.8411484430697547,0.25901303008345816,0.1980260608808594,0.5781258252789596,44.10272087089629,-83.6472678229293,295.383889601136,44.10272087089629,212,298
160,160,0.4366373694612194,0.32865633218151347,0.807415598485617,0.4649400057438339,0.7634955731092883,0.42355564148848074,46.14395318980434,-84.27072481583059,330.72893032236834,8.390550778157321,233,321
161,161,0.37208941948648067,0.5218587359919561,0.9484921037743483,0.6652693449512808,0.99389386152843,0.9480289648246093,45.30173744221101,-83.85893293392387,320.3770261308367,5.615151984777772,216,303
162,162,0.6229160797098219,0.7571909010573828,0.977931195346614,0.640174055157662,0.9263541079503415,0.8639491654325511,48.13922707098195,-83.83777805920961,335.1031618043354,8.837355792017702,236,332
163,163,0.5783394340618637,0.34578710519499417,1.0,0.29416843689437655,0.4375549666386509,0.5937493647209034,48.5407737614979,-83.64380300001791,347.8261995645845,7.829209207149052,211,305
164,164,0.7133366023987548,0.8739914193876992,0.626141452667788,0.08573610395874617,0.4308042146285839,0.20802286653958202,50.10725622413022,-83.43195157708189,360.9920126959567,18.016548569521344,305,426
165,165,0.44333724643586075,0.8343791337881941,0.5869650358001207,0.8046484237038714,0.24911271729933424,0.23979178622701222,45.40232018107832,-84.79814474522503,327.4486280749578,45.40232018107832,314,404
166,166,0.4077753248985132,0.5917474214002593,0.3224322386813943,0.10172177956551018,0.6043218243481827,0.45927768385368906,47.14961818701608,-83.24984007546091,334.2890706874084,12.29672932952345,284,405
167,167,0.7873169301534265,0.90774478758232,0.7336706063690512,0.9469437099318802,0.26536582559504485,0.8781232018577555,49.011464976304325,-84.27789174426447,355.6826559695163,12.729516074295251,261,357
168,168,0.20513923118368296,0.5522371168708823,0.05462729417900391,0.10627402976301784,0.9801345249695819,0.5264277782545135,44.50233103398543,-83.17933254698806,309.3333731747053,10.40297251171926,298,427
169,169,0.15535462652154006,0.01554085777439141,0.5320284436471976,0.12861284191378486,0.8736982415039107,0.06037539183420521,43.0924806775182,-84.30030144515275,311.13890416688906,7.717715092358238,243,330
170,170,0.6721488114034102,0.5329187653211264,0.5026001503478921,0.594706211283796,0.44537491933019996,0.5325432226816326,48.50100019470195,-84.272079670799,338.540596632555,11.335715580831458,260,359
171,171,0.725244123845377,0.5262491776571705,0.7961916837881139,0.04593669572791501,0.41725979388181234,0.18385219090374205,50.269259192240426,-83.59002536388095,361.470963225339,14.109630219588926,261,368
172,172,0.02936996173047159,0.06638278828020845,0.4549593883999674,0.361235340393179,0.6405787072405464,0.7674983826945785,41.29100687381694,-83.6583496295665,294.0212333776603,41.29100687381694,204,290
173,173,0.13875393313581375,0.9064766077363232,0.18772359837317662,0.2985867329326559,0.08981672638155615,0.4787672646283945,43.16477158828091,-83.52586957981565,303.8874887066691,18.244653816430425,339,461
174,174,0.6342801661844814,0.6865985931373283,0.0028422417084966118,0.3702459278219697,0.7032959289422823,0.3452307788100836,48.53290890043974,-84.00117267871394,334.1329974789828,14.437950217075862,327,464
175,175,0.2225702231505485,0.37380896760185295,0.08135396690627111,0.8869391287205878,0.5520496153940259,0.742936908176101,42.69261077836735,-84.54686156815924,306.2460612400176,7.903496561969332,264,351
176,176,0.5340940107339871,0.0,0.60486796675237,0.3466709635956499,0.7444951159457897,0.13928570302564625,47.20197337749767,-84.61326592693302,338.92285094507446,7.111874188562269,224,310
177,177,0.08519355037051897,0.5387730647925421,0.41573686186965075,0.6566977637952657,0.16222161977816157,0.8446158857236951,41.55763376885738,-83.977831669939,303.40261522630925,9.705146982254282,258,346
178,178,0.1757204831333143,0.1017639355506516,0.029429620209505094,0.2725884126307055,0.6692630266480516,0.8468208295809604,43.89486486544555,-83.32040151403667,301.83928336460593,3.123426492059361,217,320
179,179,0.7588547494387108,0.27243230732746987,0.5830101811519028,0.9309816565891441,0.5450312656941759,0.36729883472865166,48.191257644568566,-85.05649870805806,363.8122532609827,48.191257644568566,240,322
180,180,0.7953865569086134,0.004322941878694817,0.8608733410492455,0.47536133542350145,0.7768708436396055,0.6064467825753129,49.88377271187714,-84.14882843861731,360.3861498097207,2.388023920112821,175,265
181,181,0.4770894395129524,0.4869639467155429,0.5095315333702709,0.48604551259466844,0.5123704868062156,0.6874915132244016,46.95022906446799,-83.88049102773851,317.4092386786101,9.217129608096522,246,345
182,182,0.9838178234707838,0.8014030923282366,0.3929748302400899,0.6016901984447126,0.715291967024198,0.01297044793873488,50.510613306456015,-84.76974233378301,373.4846550719144,18.092874635519703,332,444
183,183,0.03898971367635069,0.2541027245769095,0.15359081003486355,0.3244632559416956,0.49880001166565774,0.944823897167497,41.7758148135192,-83.23334843635811,280.171675633344,4.558705034475367,228,327
184,184,0.42592690482878104,0.07908200953367482,0.24693996044337949,0.1858844626383462,0.4285156421422802,0.8569292751567048,47.48611287410412,-83.06238282264069,333.8027976628143,2.8972884590704195,195,302
185,185,0.18378046896870537,0.5679585460254506,0.4214617305826155,0.53322946713939,0.49110599119854964,0.08382544256317276,42.62050071811864,-84.71671203407303,299.2040641723779,42.62050071811864,316,405
186,186,0.8767118997211627,0.889597139877648,0.3413893174025507,0.7495566923562973,0.8584213534138593,0.8286941124928897,50.0893385114474,-84.03581941697063,357.04870767495447,11.424254251154329,280,398
187,187,0.3218517677902351,0.010069086497322053,0.16344955030808359,0.7137216910252235,0.06498971041200068,0.8877511643501127,44.68696830391155,-84.20313541236993,326.423445625917,44.68696830391155,196,282
188,188,0.3963669487022571,0.15364522345046897,0.6916287594693775,0.2869618462003433,0.08350794584924091,0.6378522948536048,46.68292252259055,-83.6409119304792,325.49023008113807,6.388134491196584,204,296
189,189,0.019783991161453178,0.18023607254856291,0.9357675517631766,0.039308431979498765,0.6755911668440615,0.007083394941320482,41.33265245877405,-84.08487211961008,298.05576515097465,10.291411792019018,246,328
190,190,0.9967795284533802,0.409272541671929,0.9089594294841522,0.6987559749014868,0.8509744840683316,0.5229079823437326,50.818881613911415,-84.502900907056,357.36992822371434,8.118721328983922,222,313
191,191,0.11769444765993016,0.9844676102138756,0.019036880251017133,0.033044053892952445,0.9529109173631245,0.773049975936723,43.9056518870872,-82.24803594699563,305.4574507382365,12.80415504291412,328,500
192,192,0.5100957032786144,0.6792571223248061,0.6775276105223058,0.5107434155046423,0.274797908785636,0.7180305662329441,47.36425810060264,-83.80272938533706,323.3254121627871,11.706043279734011,255,354
193,193,0.10410890992333073,0.11547666554049918,0.3181993793343355,0.8669945299397092,0.022859908190243045,0.4257928115106041,41.04440750416425,-84.96553079134966,301.80496049198206,8.813075246856815,247,318
194,194,0.3188121534301118,0.4741876581126764,0.2925524579474523,0.1795456804657831,0.916181486477748,0.15341972116327604,45.26373453831808,-84.00584877141513,315.996217048915,45.26373453831808,302,412
195,195,0.17048860242098804,0.07313651650284607,0.1746176045086874,0.6910184005353375,0.04042222279691878,0.4376436881956585,42.40870808769779,-84.73157265942164,299.18438978310024,42.40870808769779,246,325
196,196,0.16590668938186118,0.5622717023033288,0.013088263928181536,0.398034229642472,0.07602194845615198,0.17505551784743212,42.91489034750865,-84.34058970323443,310.8216490613731,42.91489034750865,344,453
197,197,0.26934899937329626,0.14383318502765335,0.737146268934099,0.4198921807936335,0.16766483692970868,0.12813534982953026,44.11264941511132,-84.68126276536174,322.0683736409525,44.11264941511132,241,320
198,198,0.19084414235959618,0.6173252221445784,0.47928435909308037,0.3082985257379106,0.019154122508903474,0.4746725167192213,43.858393002916536,-83.73142343943726,307.2306199790135,43.858393002916536,284,383
199,199,0.30063631273417946,0.8005433051833933,0.39720473622357144,0.727393977269779,0.3168987357232534,0.39458372829523247,43.98030290712754,-84.53003630720671,318.5944306450085,16.336777345027606,316,411
