,G_Na,G_si,G_K,G_K1,G_Kp,G_b,max_voltage,rest_voltage,max_voltage_gradient,dome_voltage,APD50,APD90
0,26.199774774859474,0.09983323801215951,0.3043373673980079,0.56015398870557,0.017204612282838868,0.040096028316549806,50.247579892327124,-83.68221270907476,365.59849422705935,13.31045816497185,264,374
1,24.56241221582105,0.07434056842998528,0.2438471210399,0.4710558480243351,0.021965057349858617,0.04805055837707986,49.98080070045627,-82.45170494217125,345.39174128488355,2.1240888757957213,190,311
2,22.935162687392904,0.09695700901182283,0.2553534753313739,0.7065405932307423,0.01428403706455573,0.04772163287004395,46.46579198614921,-84.13627402052818,339.0909845063262,10.875964411302174,261,359
3,18.377754183746482,0.07597130739099608,0.3087007195880782,0.689066394037968,0.019647994023932108,0.03938318746813007,41.00666036454929,-84.72186137526083,289.4828500164146,41.00666036454929,228,300
4,18.121539223304524,0.08349534427000313,0.24397213240329574,0.5374623279873797,0.015574821230153139,0.047380446749830094,42.607650086357424,-83.10208242277868,289.07188421069884,6.865519095769612,238,339
5,21.905334438305168,0.10663826772763207,0.22904646249270816,0.47486599364201076,0.01408183590268663,0.04022718686178757,47.57043273148879,-82.79665031096958,333.3410533098762,17.530331596327574,322,468
6,25.67480601414178,0.08038317538431906,0.3379269970145198,0.6744356142024603,0.0150398309654152,0.034263026673349094,48.47155097267398,-84.92970652086683,363.57485731322737,48.47155097267398,233,313
7,19.38169166098262,0.10627587281034141,0.2533167842815569,0.7052870968147253,0.019326004061950074,0.03460284862448426,42.07236846059235,-84.79009821344843,306.12591276036227,16.952901234743397,346,441
8,24.761042892003868,0.0716405085930788,0.2118610224465725,0.5758808600271687,0.022021016967496587,0.03609684797604013,48.49821121527826,-84.39702667068872,329.87223537561795,6.994333779742179,251,358
9,27.384558937153237,0.09721152546669098,0.3369481865823448,0.6036544013199441,0.018177228446870815,0.03383903692303882,50.323183853225316,-84.43802276714428,346.495109821425,14.770209024571603,268,364
10,19.998712373482945,0.07301171597000189,0.28908368586210037,0.7012547788620229,0.018381160275243703,0.03080440359085515,42.657743059675944,-85.32509664324535,316.5626456324734,10.18236265601946,257,327
11,18.504524769230056,0.08552774666049195,0.22725832283742484,0.5272441215030106,0.014184882312584624,0.04752309892021435,43.321149876400455,-82.98067746028003,299.07537161657586,8.095370523034214,248,357
12,26.563789472961645,0.11214021832350488,0.3023438832520217,0.7108971304605645,0.02035933659046511,0.04502089002978797,49.311782989933796,-84.19662088717908,348.6292254562718,12.677173892463166,277,382
13,27.571357498033912,0.08152890970229823,0.28862421840659197,0.7256949381262672,0.014264646155930646,0.04687472387759397,50.0816198529548,-84.39036368259261,350.23919930483515,6.511307173903208,206,297
14,20.611160020584343,0.10097388901877097,0.2313804056128059,0.698582467603079,0.0209295794467015,0.02975100542574424,43.302222523171956,-85.06200723964628,318.6416214342396,17.487461990232582,366,468
15,18.960824847313173,0.08523071336511737,0.22378447989783862,0.7463940507044939,0.019403987812088828,0.03174692985469044,41.12763371405479,-85.3257384490243,312.20857782601365,41.12763371405479,325,405
16,20.99511706273966,0.11185951789853754,0.31893181451355157,0.5838373507264829,0.0158402771415077,0.032567958304718675,44.941489950068814,-84.21219542672122,328.95193817167814,20.69451706662107,322,418
17,27.861447642043103,0.07770747401716033,0.229770368422034,0.45710976881407406,0.022643162055854205,0.03363027351519977,51.7885077833832,-83.62080911729197,364.3436226810087,9.286551943604463,262,391
18,19.696409237007522,0.10178400446123217,0.26561716373489885,0.4814949437142102,0.01641782226113484,0.038068636574231665,44.786899434482635,-83.13370966981455,309.21003891570547,15.590974132843884,305,424
19,26.685144704561594,0.10938406734988562,0.2795361064667995,0.45462172650365457,0.014718222666047748,0.04849763857010299,52.125207414912985,-81.82943113157765,363.7329523496344,13.170354662197191,259,401
20,23.13903408491665,0.08747965203863653,0.3440318012495387,0.609406427301762,0.019465811804287934,0.044067206440643714,47.30253368658622,-83.8606892498593,324.64472268284294,7.222184637074255,216,307
21,24.659063875917614,0.08588412637387548,0.3062980206595495,0.5115858244131782,0.014389304805898256,0.04321106617005253,49.75205441765989,-83.1725807253878,348.1334251601285,9.342493643079607,222,328
22,28.51172883326469,0.06956783590191684,0.25877605767072825,0.4875168089703965,0.01957986743748924,0.030089714020269397,51.78334052418706,-84.28534686203363,381.57629915277084,9.420835393328746,243,350
23,24.270706165732882,0.1004325124294336,0.21802990339687953,0.617611595313959,0.015416183997807708,0.04614945073928358,48.50202604287024,-83.66817014007798,343.7039418708887,12.468720764001631,286,411
24,19.095216450758,0.07809880613059272,0.2223824296885546,0.5500024066996292,0.015153098558844703,0.03926918779680366,43.32549470790187,-83.90599098558567,307.27883002084786,9.65448812366195,265,364
25,22.21010498992761,0.08699134648434594,0.24122061635002298,0.5142545345113566,0.01614110803390847,0.04249318480916884,47.419594420152634,-83.26083196595155,336.65507601743377,10.060630272525364,257,373
26,19.600299048596856,0.07247730868302345,0.24107303341405842,0.741978739197299,0.01844627385197714,0.030489702772189292,41.89870590863152,-85.49507370617891,318.0016274597408,41.89870590863152,281,352
27,19.844911898641726,0.08122183518794061,0.2402406284729615,0.7372697089630704,0.022701769339613192,0.03548351316197325,42.24247243538417,-85.13181429017841,314.22525632327023,9.231961023823795,283,363
28,21.603899816151078,0.06947565346680477,0.2871241424763015,0.6871748377033653,0.01974918125631303,0.035718690737040426,44.58428104694559,-84.99806374776695,321.3622169491206,6.348546720457711,225,301
29,20.188317023127752,0.1044878036736564,0.3211915171961301,0.4606295112580811,0.02188702880026038,0.030304647170669205,44.89629184291602,-83.56386997920468,299.84449121349365,44.89629184291602,311,419
30,20.6783304265905,0.06853017688476286,0.2155336216557622,0.6234638678168603,0.017519118156625123,0.04339240413555024,44.557030735076175,-84.17762571296427,322.4939623136069,44.557030735076175,217,309
31,28.597973869699352,0.0906550519086487,0.23331360164487924,0.6109562225505873,0.01903607219537149,0.033356367359538584,50.98023227605667,-84.57250112751693,354.42165232692935,14.16766266062852,303,419
32,25.86286255287054,0.07392467233808907,0.2501915529211686,0.5648892206019712,0.016218902298067037,0.03318987091500802,49.4984619230726,-84.50477895138093,337.4987310308722,10.723978331034589,253,352
33,26.57843720080746,0.07856426215943954,0.2358332105194274,0.599446173359632,0.018982522360017774,0.03044526792416647,49.470467278920204,-84.8448394371976,360.6847834001454,12.345665227740124,285,388
34,23.03675410518992,0.08896020825500577,0.30299113009695405,0.5724080748547206,0.014772863199966938,0.03817541766569401,47.3772792385117,-84.02116170109805,319.0641502250814,12.57231987522355,254,350
35,24.16355174573811,0.0773647075946317,0.3486663120514484,0.6777749696572198,0.02224166121151377,0.042330735527288804,47.36129877093289,-84.46114461200003,346.84329072914267,4.397598610440949,197,279
36,24.823535466278948,0.07079494792859767,0.24854965624248207,0.6937524555482935,0.013879023674779414,0.034432748396208974,47.661991433436015,-85.09297430762416,355.87100971650915,10.177917093142508,245,328
37,19.77273648698724,0.0732714129864751,0.24260089308062838,0.5239534563988192,0.01988382480405214,0.047586102209793334,44.76067297993945,-83.05357103372181,315.02423772931184,2.376400404604135,202,305
38,23.812291103449787,0.0935700348342799,0.34976892704890133,0.5156358572056268,0.020091542315978293,0.03916468227090513,48.620334411705684,-83.46859562964352,348.88745048709836,10.528590859176202,239,341
39,20.462329252094243,0.07242614393792907,0.2717983211985908,0.6310797411829474,0.016102537014371095,0.03702047681325322,44.01443495296019,-84.61940494941598,322.20471480477624,8.052680853036916,235,317
40,23.49413057712882,0.10933195332865038,0.33435954738921014,0.6829426712657587,0.021178349781789292,0.04899132384064581,47.1645224787988,-83.82450748495117,325.8385199328792,9.951048273861275,251,348
41,21.052308853224854,0.11094634106848196,0.2657998310162346,0.7555637829236987,0.016980887970690826,0.04699267598390415,44.08251716805414,-84.31769599157268,322.84713336790105,13.32731058723651,296,392
42,24.462083656683184,0.08382242835044171,0.3177596016387496,0.5540482070945156,0.01757354286235269,0.03496022875169507,48.57454603439278,-84.19346823189926,333.5434245099406,11.268810021769966,244,339
43,23.411749466875392,0.08206661464227412,0.3454729030506665,0.6907106346402042,0.01866990743808848,0.04481218863867455,46.77617456211507,-84.33180052337455,342.60825976339413,5.619579240297152,203,285
44,26.145270003609827,0.09827030854015359,0.2859446701729783,0.5128878977599285,0.020080107047629678,0.03636067283005568,50.37326521779147,-83.61236737953148,365.6619434997437,13.528308910072276,281,400
45,24.711134917729034,0.07843651114544326,0.3275001316248597,0.62950872258055,0.016524608289298144,0.04277644933949942,48.50239728664947,-84.15219650753174,331.6377320857762,6.330977857470047,203,291
46,23.29358329991569,0.11051252715041632,0.2960780143568573,0.5319827038795526,0.015482545035480905,0.03594866133738925,47.9632878390063,-83.62525192980807,334.04585240413127,19.032040215441206,311,426
47,27.341603041529943,0.09332941962463688,0.30983637026324,0.5939609160911259,0.019098284949978582,0.03842779393455151,50.58186439327597,-84.10865610380264,366.82060511511474,11.595150439876921,253,356
48,18.56184094072149,0.10568702505004086,0.3405598390126463,0.7433058762782707,0.017869904755272774,0.04354321346968325,41.09016431075424,-84.490314921574,293.1168877551919,41.09016431075424,271,348
49,22.70882937488918,0.08664438054859853,0.2852089400173035,0.5228523138421121,0.021277031891976446,0.03151377126640732,46.934313017449185,-84.21436639078871,325.32674811613947,12.355908838946325,280,382
50,21.649527277337654,0.10855435721055173,0.25862297280028435,0.7318212029863211,0.016709124206746074,0.04654994069814947,44.9075973498851,-84.24472041833985,332.53717817478804,13.179027985386648,294,394
51,21.329641055357655,0.09588914491489241,0.21784277874541838,0.6952009061552822,0.02195686568520154,0.03720315918607392,44.28955634678111,-84.71643656267585,320.4418724989334,12.535006813931783,324,428
52,18.02830211580122,0.09772593233528543,0.25480839193745075,0.49029169714372733,0.021452559762407536,0.03949720055402686,42.41814947677973,-83.16607548439022,283.67622090443945,11.786600928388957,299,416
53,24.230165953439496,0.08797906824574628,0.32593581061346016,0.6533455926639133,0.02048599404711881,0.044256699190787535,47.84356406695909,-84.1226123596487,331.1808126328891,7.165619537440485,222,313
54,20.05877167989179,0.07929007422039243,0.2643091905743511,0.5869208673500901,0.016928387606987033,0.04063042627270754,44.1300854567513,-84.0434964382024,316.46630610997875,44.1300854567513,242,334
55,24.35084650585134,0.09372372230726014,0.22643982570099863,0.46927436389199,0.014151710559658697,0.04079013817894277,49.86273417842912,-82.87941019477732,336.8062899188835,13.848903925604898,283,420
56,26.822134394357462,0.0813644060833861,0.3007638773850982,0.4765809895129608,0.017184979112141938,0.032524955378333026,51.047865849174954,-83.83188894496195,369.9631616085976,12.151246439926481,248,354
57,20.268192968141065,0.10297428532765396,0.2900410286690476,0.7200776180481605,0.015110089952188637,0.04364533378455709,43.40304425052258,-84.39337927274357,314.39526473686016,13.5409623091036,281,368
58,25.80869013760751,0.07691316554544805,0.29260396306729364,0.6608388037263189,0.019165113591298712,0.04174880951427072,48.965636610657974,-84.42160109902552,343.75964036521947,5.954811229190242,212,302
59,27.475336638647065,0.06979847915413705,0.2491098383743855,0.5461894952253339,0.022126250442878838,0.03528025854419789,50.78120290701615,-84.27813665977699,371.4903673686134,6.391997019773298,227,332
60,25.15070239956531,0.07607710841004867,0.23424698610836436,0.5345129000566339,0.02178028973231723,0.036851842973716464,49.2996964764695,-84.00960901349754,354.423488714233,7.724266288210436,248,360
61,23.939164741942555,0.09491659586367704,0.23242869426353013,0.4632634723432067,0.020446087005689235,0.035339995593694336,49.04855456634753,-83.27552470932481,349.46572340479196,13.623290886851713,307,446
62,28.31828586138225,0.09183523788335085,0.35175889730087273,0.5780126520872984,0.017932067824611563,0.03760994711825342,51.36423950150712,-84.07315728338608,378.3870753631746,11.604964656912419,236,334
63,25.907934419309882,0.10776932101830064,0.30756897326710186,0.7101391990057997,0.021323055343141422,0.04438361401914305,48.746726667092524,-84.26882805943625,351.5552607596625,11.596810293264507,269,370
64,20.54120438961111,0.0703895711016147,0.35095708348710186,0.6604737636992539,0.013749355480744907,0.043241867707993216,44.20193463145108,-84.35098800021431,324.468407258356,3.8928170282060153,184,258
65,26.898152417371143,0.11238769723632516,0.27639902867094157,0.7509720761077228,0.0195033789159113,0.04671880882903963,49.30514720684729,-84.3015027553058,359.2991254789772,12.641047607588392,283,390
66,17.335472759029614,0.08774581982060746,0.31198937531207804,0.5507789020614264,0.017402972387749027,0.03744891205177526,40.81055107854725,-83.9417010092194,296.3363820231234,11.241830131029912,262,347
67,27.044207619034147,0.0864219097640493,0.32857973779491545,0.5680316604472284,0.019772219043221458,0.035631848915324185,50.43457696089767,-84.21188916641496,363.8505603957798,10.628216360651686,240,338
68,17.54364220709543,0.1071681897962644,0.32848349325874704,0.5822535060408551,0.01727419679866707,0.032657503453865824,40.684270369703064,-84.26679236789269,287.2359610262893,18.417748104650602,315,401
69,18.873733596723206,0.08226860049338414,0.27549027765279294,0.591291258218497,0.01802357755541114,0.03217013101981744,42.232277327341535,-84.64261386785856,301.47984365652417,42.232277327341535,282,366
70,27.76958366737597,0.07950375154540647,0.2845788546873992,0.6248752516732394,0.01887201557146243,0.041794433787725044,50.72565257509714,-84.19539024814394,369.1940728105423,6.8707714556237915,217,316
71,22.442543231992122,0.07153388382419568,0.2607258469490453,0.5892917940564024,0.015055543342098798,0.030234089653267387,46.15989833821765,-84.8775378343455,340.3800447153264,11.974856374716577,261,347
72,20.824709409138606,0.07336476586984002,0.32193650145587693,0.7229889169627686,0.017459115061006593,0.04466246147691477,43.909185322821614,-84.56375696819556,321.30271920912804,3.508029557207563,195,269
73,26.93648868552016,0.10272361766221372,0.31440810580000783,0.6501481233409026,0.022753315201996145,0.035100245845717436,49.53520598017968,-84.55998592154737,359.700686674,13.62124767587622,286,386
74,28.422657545243215,0.1061079449101639,0.21905334035324464,0.5958286118898483,0.017378408577423805,0.033769974384895304,51.109939857896094,-84.2205657521102,363.5695987378864,18.989205211183133,350,494
75,22.772021656890594,0.08924686382784988,0.33411688431975545,0.7042619577061746,0.02252888652528548,0.03854172682839306,45.71212831838265,-84.73942063529894,339.2690142424556,9.087654614883535,245,326
76,25.088580849993566,0.06868252490024966,0.33594457798386745,0.6857808718807168,0.01858332241210911,0.04524578891653249,48.31956106533327,-84.37024824914856,343.2168844427034,1.11634595956011,168,250
77,26.481286245876518,0.06915702744619197,0.28067253041115214,0.7517225268587246,0.016661743082238122,0.042409281587116904,48.7260996641641,-84.86012932390746,368.18339731238615,3.9951895469842063,194,276
78,21.36422346139115,0.08636482811917462,0.3162123652936032,0.6660094684639399,0.017099920961267993,0.0455381714248736,45.067303923648744,-84.12191984224003,328.644109884611,45.067303923648744,223,308
79,18.70800213796767,0.09611886212301829,0.3476544453437844,0.7143435684942016,0.020599650632622563,0.045752021417414634,41.42600748696374,-84.29685321731539,297.4380590477477,8.271854871656458,241,318
80,23.715719908484523,0.10593604526561401,0.25069270790281933,0.6706961053404077,0.018335100927782785,0.039929073096166716,47.07112670834544,-84.32842452488643,347.21439195431117,47.07112670834544,312,423
81,24.0905172802985,0.07550159747015311,0.29714515760767196,0.6201700212853969,0.016296419344467572,0.03124694957364484,47.43491247639874,-84.92257210569426,352.80212027047776,11.569950784040415,249,332
82,25.206697537440743,0.08297149219001868,0.24789391565547209,0.6407770112158911,0.020739467151368086,0.03886032199318445,48.478482374998165,-84.46494547216201,346.3613331983383,8.875178118313087,256,357
83,26.407348041762447,0.09871056165740928,0.3045670831216436,0.6066794379237245,0.016857296028989117,0.03788511218544807,49.85092245085882,-84.16564579624693,349.3014231758095,14.24113821545117,271,374
84,24.91149935503384,0.0895966900864616,0.213047362546617,0.6843603535278986,0.018114401210123476,0.03907748021102477,47.89771372165793,-84.61406721021312,356.3897012092955,11.864346188022024,293,401
85,25.613821465230487,0.08787798286569762,0.295036387954498,0.6969411264341532,0.01852562671268249,0.04293674958059153,48.58113930483476,-84.44723412073343,353.05614629272003,8.636501397053317,236,327
86,20.513672408551223,0.09942023770938115,0.3115751050109203,0.7277151144161175,0.01565596438830057,0.03358865778355472,43.30161364096961,-85.01919455842801,316.2861080259479,17.192479443344606,300,377
87,17.261844320590836,0.08402222615328044,0.3013054443734503,0.6490724473172993,0.01712688852113687,0.0405449618092378,39.963981405960624,-84.37774202628597,280.22815219721474,39.963981405960624,249,325
88,28.100784527310594,0.09561748292330025,0.22025918227836777,0.4619053625849104,0.01542458502202176,0.032280597763619745,52.11691378245298,-83.47252280339724,370.6257576927704,18.358764218366016,326,474
89,25.30121611484259,0.10472674839752288,0.2775688607427496,0.7484262090437417,0.014617581817378593,0.042649284984777276,47.98906074926812,-84.56618794182067,360.59230078336884,47.98906074926812,285,381
90,21.184088646234077,0.08328212676825028,0.24717567389388667,0.5030954811042304,0.01813807165169428,0.03500383894747773,45.90000128647456,-83.8239262289771,308.6930758137402,11.666206355439334,279,387
91,19.01961224124916,0.10381262280301748,0.2906707429358193,0.5551414801270721,0.01651120977743212,0.04155507400779823,43.324376078811966,-83.49182413570549,299.93469682513387,43.324376078811966,288,391
92,28.71197714495703,0.10798913304143787,0.268189625558875,0.7387575119166478,0.020584297746033944,0.031435566605463164,49.84549909010484,-85.07822914933212,382.57107496123535,18.062162810997993,336,441
93,23.66491488333311,0.08984693719110147,0.3399634783581943,0.5182327559273143,0.021611548208138584,0.048240759233714875,48.826519367465856,-82.77451799608608,331.4856396383516,5.569711944165979,204,311
94,17.37678630588749,0.08074532208597009,0.23756104512868675,0.5858966674885981,0.015760497010893118,0.03071679278867151,40.31213808715355,-84.72189360536647,282.06551142863117,14.427104082899852,309,395
95,21.777664734989756,0.08502328140337843,0.2207570972389979,0.605820030187762,0.02186375280839844,0.04583575314547721,45.98300973468907,-83.75979606107754,310.49888568110083,6.433818644409259,249,358
96,21.220506048437954,0.09007879196797469,0.3231521449331193,0.5905830673269911,0.021036156882204338,0.048898356916391515,45.76043539686957,-83.3565771733396,320.112837877699,5.653838598095609,215,311
97,23.56652120208034,0.0987937329730614,0.2777882164754151,0.6566369721708446,0.01560091727624402,0.0411747798625371,47.17890032834331,-84.24533514019514,341.83872975062786,13.60812227846442,278,377
98,17.836396292219245,0.09218802552956074,0.2447913545418131,0.528823541896384,0.0216543927250614,0.03825294596271235,41.66210564579969,-83.67267475113387,297.79610291106883,11.04585979106983,298,405
99,27.190277886823228,0.09457009026727815,0.33331023215255795,0.5053700147959245,0.02138454617156858,0.04841354264477371,51.62691282651501,-82.5865381196522,364.59328287089096,6.81535487874716,210,326
100,25.49277043137478,0.07375115781320796,0.2743868285387636,0.5209055311284109,0.01968300951997851,0.03470174845305677,49.64406518072561,-84.09751709323933,357.0213420735581,8.26826184791858,234,336
101,18.326554305532284,0.1006745973408586,0.34409644469878287,0.7479313550321471,0.01730263040142724,0.03726924214705137,40.56517485860119,-84.89697608111626,305.0318497725794,14.31454075167884,281,351
102,27.963355454622707,0.1090091850170271,0.28797448949179033,0.6581841365966591,0.015693978641176755,0.048714408344849754,51.02322326538049,-83.68642108678776,376.4454228758885,12.473017310110663,260,374
103,27.652089921095993,0.07645002961651842,0.3052720283104878,0.5386407089308156,0.016362184164921943,0.03956420371600534,51.394213764172285,-83.79739770789415,373.6070049872598,7.596431670716197,208,310
104,17.947281634717307,0.10988603174948887,0.3419847601388705,0.7535459163308788,0.016573509845789605,0.03198180033571464,39.97470628495313,-85.10726949320545,301.5646484242222,39.97470628495313,319,389
105,17.432764887883174,0.08019970365269766,0.24238437623804185,0.6422185563125824,0.017936394883413233,0.04303954180202815,40.294776703844384,-84.21661599317832,290.2277979002663,40.294776703844384,252,336
106,22.56834923219663,0.09390964285547317,0.347403888708126,0.6030823092254355,0.02123856730345666,0.04029103845614734,46.55692503849438,-84.03246886671714,324.5120352390344,9.771210142363476,242,334
107,25.707211460244693,0.08085765161593739,0.3319951728683854,0.47853702984939095,0.019983687563342255,0.03325446613643141,50.17344648496614,-83.79586018997338,362.93449200551106,10.114592744067624,233,334
108,25.25376886062035,0.09439333797980283,0.27414243338231703,0.6465172215358981,0.02222770563006033,0.04204110764746521,48.630749121609526,-84.18482577042118,334.3443660547786,9.591671520693302,261,365
109,23.80176656697719,0.10255697987501276,0.26203663877208405,0.7179350238984197,0.020014850280717596,0.04709276993596252,47.012316179373755,-84.19695635875478,344.92249176264113,10.289455046305859,271,373
110,23.631148155516005,0.10695639787018257,0.29120189466439694,0.6804364782026235,0.014018535233171198,0.048200885678512495,47.47150257086926,-83.87140118000828,328.374036552047,12.897307420321903,265,366
111,27.1041349114365,0.08539295731212099,0.23038190827568056,0.7244790947900892,0.014959236806477708,0.04224076489059313,49.52230655176858,-84.64656537387734,365.6870374824786,10.379123286342043,257,356
112,20.408088946208302,0.0827259136482246,0.31855108512164254,0.6193774295844509,0.020642425833176156,0.03405467316624862,43.7947169150086,-84.66522641185293,319.91120264096094,10.13839997093251,254,335
113,22.05382741885122,0.09658562387541833,0.3171083529127692,0.5001227956902959,0.022473102687190598,0.029426249964295943,46.370625587336285,-84.08273573486706,322.5816654836385,14.786709554318195,297,399
114,26.005510191787742,0.10513744263110303,0.26896347771989215,0.5712253636335788,0.014653352923349416,0.03092856548517225,49.53489575765646,-84.29405566640679,344.37221810421005,21.556634281853135,332,446
115,22.867887926462135,0.10123501795358028,0.25114419579624786,0.5191577882746105,0.015288403647311362,0.04782718990342405,48.34658963158085,-82.71626308968027,332.7176056453838,11.55969618871309,265,392
116,24.877886853878053,0.10546279527899949,0.22619595763286052,0.7015870595972897,0.016441605976117844,0.04722887380194585,48.24274839229182,-84.07399668845058,340.49983527079416,12.65873727804321,292,408
117,28.404374705848753,0.11082986700215025,0.23104764978086675,0.7126960661483077,0.01902792066588478,0.041569052970395676,50.451189184401485,-84.39794028145621,360.6174495352543,15.189029203441958,320,446
118,22.382740219026033,0.09037073701224464,0.22206143662794411,0.5067850630167455,0.02285740216370876,0.029867489448727608,46.60961549240384,-84.14387840768758,325.780547380687,14.0031258861674,333,461
119,20.10614342140305,0.09990659237469826,0.2609597632814179,0.5295527162408411,0.020331846554599013,0.03897198525463904,44.62331355273451,-83.5272500164981,297.9874389244022,12.909674998814465,300,414
120,27.48799136591419,0.10408907316725138,0.26241909353105164,0.6224967254790491,0.022368749293851634,0.03165300407786136,49.986100188762556,-84.58301210464634,361.95772347486894,16.168452787107157,328,445
121,23.179034647225063,0.08831463949647544,0.27298431769566645,0.6123729280722997,0.01862246723863577,0.04490745624088675,47.37478490039806,-83.82617757135638,326.3322514893345,8.091568503413956,239,340
122,27.657725306559687,0.09079779367795038,0.31075874053617303,0.5016403459055264,0.01483262013513901,0.02994997388999689,51.31391671778591,-84.11216691819165,374.332752737528,17.449487145464307,276,380
123,26.794968989160928,0.07793087036103694,0.2165667696439973,0.6386050287404947,0.014482889403683407,0.04517770933053151,50.20987071478788,-84.06836861675251,362.1480987550335,7.047826988853685,227,334
124,22.12613073758598,0.09249333162698542,0.25173199518002537,0.6373478496478413,0.021118911532511088,0.04258304258169537,45.85962712396174,-84.11392373464562,330.4365994495148,9.502118777532218,270,372
125,17.812736573347177,0.1114185013275627,0.2636689853686428,0.49145428176057054,0.01889655975592524,0.03435599755181077,41.975493819263896,-83.36558093744718,295.7251909897203,18.37997675807712,350,474
126,21.419309249329068,0.07491391756047286,0.2383074961340688,0.45857025258670664,0.015893689023174253,0.03686430690792831,46.869005256678165,-83.3634262352945,330.47903954815223,9.422083002894722,249,360
127,18.647253857267064,0.08469195740151096,0.299508847062412,0.4959896053643207,0.022584448793891015,0.04090369003035501,43.21838559475417,-83.25149887428587,295.13594657711303,7.326733476743455,241,340
128,18.063697696356606,0.08178000371006194,0.3245575836232932,0.6288298637230655,0.015952936727497955,0.04208453476428479,41.31517614053671,-84.17026125465696,300.50506231082386,7.8205056104530986,228,305
129,23.99386879748367,0.07696185970271703,0.3227783388991292,0.577197127798369,0.014897944900540121,0.04734069562803822,48.67679141900639,-83.46897516169784,349.8034587643526,4.131115514836827,184,279
130,24.114118345260927,0.0994584524016474,0.33033100744630384,0.6764470998163984,0.013785415767514513,0.03482658346801705,47.30314120136169,-84.72236308640478,352.41743748183484,17.45689178134362,279,364
131,18.213487830576366,0.10208636582558553,0.3390356500167878,0.6156202811524283,0.013820778545654605,0.03602035165777481,41.55580439137724,-84.30182890351372,296.1710114213581,41.55580439137724,287,368
132,22.97353055286193,0.09912107129942725,0.31296796605542226,0.5622704007553615,0.020973040394423687,0.03015947961611989,46.784676953017986,-84.41659453342474,341.1465553304721,46.784676953017986,302,400
133,27.20195530852694,0.07751445884644867,0.3193714142178029,0.6672026939035902,0.01597264051550959,0.04108837302508028,50.01145119455016,-84.48511436324907,346.0409955620519,7.152147188547123,206,294
134,26.278536668015136,0.0950047030193451,0.27218316558407485,0.6261078682146034,0.019304103782377322,0.033964333514999584,49.259518173186706,-84.57396230835188,356.1192780518109,14.365316312612313,294,398
135,21.108384100323207,0.10974256891461673,0.3308215029043474,0.5420578637642453,0.014981989067120536,0.043889570289344634,46.15307136661367,-83.14200380631367,323.7595445766183,14.667265955205847,270,376
136,28.0261036760376,0.1100628532302994,0.33534686736853625,0.4564635005264313,0.01936676460722683,0.03645224848225698,52.276820319795014,-82.92611856407653,354.8852364276943,15.966133912093744,279,403
137,28.286158592730317,0.09566773531732373,0.28192123189854057,0.48225404044166387,0.01920430841125369,0.03554643906539879,52.08721595872068,-83.44157996871444,365.43363388480816,13.71827649378979,276,400
138,22.00165064266953,0.10315366023855337,0.2921942590756622,0.7184412352317893,0.021754031148110642,0.044764983970838945,45.13848529755172,-84.32970480415878,335.6818437456624,45.13848529755172,272,365
139,27.013604989242843,0.0749894129689752,0.3204979160469733,0.7451996982203904,0.02151668405659857,0.0485347539374001,49.379249345321085,-84.42393953293174,354.41996663854604,1.2917453471393008,175,260
140,21.704316539184013,0.09748067917077746,0.2800178923962208,0.5565826392103963,0.01691889752421438,0.03655800974114257,46.05794418100835,-83.93651625953682,319.42823086727526,46.05794418100835,292,396
141,27.908295799783716,0.1112951784700245,0.24590750161788655,0.5035839457880165,0.016829922210908302,0.03177309557394542,51.553092971183645,-83.61754736648093,377.801159053545,21.364846300184002,351,501
142,22.603733021431207,0.07012146864267417,0.3038319663185042,0.48915723052348536,0.022311040123607708,0.03458073731466725,47.3518237669912,-83.898893586414,332.6880356763893,6.123048807163563,217,313
143,26.672866148775704,0.097160516340705,0.25751436224770474,0.672519892399866,0.02026939862232515,0.031295933619942325,48.95982709267107,-84.9322276005193,370.51932107618677,48.95982709267107,319,423
144,23.275031701669104,0.07186898442756892,0.2837588522958784,0.7082202707668988,0.01535215927176762,0.04381066546791132,46.536840107298055,-84.56235349140404,345.8235128681761,46.536840107298055,200,281
145,17.89216679061187,0.0870914441454809,0.26937071185790695,0.5260807825150429,0.016779420742223876,0.031144499033846695,41.53672266486447,-84.2464669563352,300.3067321028204,41.53672266486447,303,395
146,25.386954982422886,0.07993657493660733,0.3465491913428064,0.7312019878167766,0.021051245012802824,0.04046019258921471,47.85112556770916,-84.81012359675498,361.1825136341038,6.262963773542902,210,289
147,27.800524051455472,0.11047050122921928,0.23934946232650187,0.4944542327409754,0.021192711686875844,0.0366828232754392,51.69180884419241,-83.21534084226576,365.224843851314,16.149193690436608,328,490
148,20.160942764279476,0.07888415817942736,0.2644768277213293,0.7346996639750702,0.01582412415105687,0.044154678993709666,43.09680243529403,-84.62258511416105,307.78308696474096,6.716754913939188,231,309
149,19.949405746404498,0.09645969084408024,0.3267266566802482,0.5796168841124525,0.020176670568774778,0.04005476113839962,43.98691602114368,-83.8673904882584,313.88234363271124,43.98691602114368,261,353
150,28.208336857901344,0.08415165551166573,0.254035543779721,0.568852480780541,0.01778543726655554,0.04879390166392471,51.815410194455,-83.25170217187981,355.234213752739,5.734768438156961,210,326
151,17.74106249283977,0.10429159628974108,0.29787789076709015,0.6433371238557739,0.022393425128132534,0.032750540617823815,40.2584765695391,-84.64403718465232,291.21234259457617,15.277495303401881,325,412
152,22.485393568643744,0.10215844394794465,0.31343288630647725,0.4736377870019352,0.018549189826266913,0.04538188586014546,48.261498594749995,-82.42947377567297,316.50576519588867,10.885588491762219,250,368
153,18.748617179871037,0.10025307679772058,0.34122598938291804,0.632042202136389,0.020770824666361643,0.03312168888123111,41.734106773363145,-84.61445950324462,291.0209610068177,41.734106773363145,291,372
154,20.768272440501292,0.07535717344116813,0.2282515092179794,0.7286656592976499,0.01806298746906672,0.04639232592058333,43.85253143221835,-84.493615946634,321.88339262734314,4.28773284200192,223,307
155,25.014367069372277,0.08864289430436259,0.29871767507576247,0.6446851576337772,0.017035461989204123,0.03742817607282325,48.31226288657443,-84.51520511981292,351.02545932366905,11.854282855876274,256,348
156,28.160242791495275,0.06897162435196251,0.3372482319022756,0.692134878278551,0.020886740027632,0.03582993370255598,50.03344254888526,-85.00833110741426,374.079169668465,5.279257469588097,196,277
157,21.489091492479652,0.10877809608118175,0.22422731983457597,0.4982309474818763,0.018834236506399857,0.04141181858035512,46.78550496626211,-82.91537280106937,331.0289704739768,14.942511269008142,325,478
158,26.055323233479818,0.10146262884620591,0.22542722744054844,0.47317655163417777,0.014809395303122036,0.04541639740322216,51.34632563142134,-82.42407789015121,356.7678091132309,13.275542268447975,279,429
159,19.540574536795727,0.07665156221219926,0.329908398488137,0.5325696404165572,0.015552986087691295,0.04073732444570456,44.10272087089629,-83.6472678229293,295.383889601136,44.10272087089629,212,298
160,22.261400197003653,0.08236460233789615,0.3251743068751955,0.594541727944151,0.020703308802860577,0.037713147380762896,46.14395318980434,-84.27072481583059,330.72893032236834,8.390550778157321,233,321
161,21.52231759625235,0.0910047882549752,0.3449730848526845,0.6548292512465087,0.02280178716945708,0.04797450669800898,45.301737442211014,-83.85893293392387,320.3770261308367,5.615151984777772,216,303
162,24.394316171701778,0.10152905512915447,0.34910458808708467,0.6472770231295601,0.022186631940911996,0.046329479211394645,48.13922707098195,-83.83777805920961,335.1031618043354,8.837355792017702,236,332
163,23.88390765816795,0.08313070597232596,0.352201739966958,0.5431493808365182,0.01773462654325242,0.04104300014909625,48.5407737614979,-83.64380300001791,347.8261995645845,7.829209207149052,211,305
164,25.429643166538675,0.10675247975370143,0.29973416318322643,0.4804233259384423,0.017673140378799655,0.03349623271611293,50.10725622413022,-83.43195157708189,360.9920126959567,18.016548569521344,305,426
165,22.33811467827021,0.10498098258063332,0.2942361167301402,0.6967742778282446,0.016018285739227214,0.03411779397676931,45.402320181078316,-84.79814474522503,327.4486280749578,45.402320181078316,314,404
166,21.930925953177894,0.09413027336032859,0.25711139417482365,0.4852340880288056,0.019253546868442033,0.038412051778652284,47.14961818701608,-83.24984007546091,334.2890706874084,12.29672932952345,284,405
167,26.27672774571981,0.10826196085112759,0.31482488176802154,0.7395969138845804,0.016166319808327834,0.04660679528117985,49.011464976304325,-84.27789174426447,355.6826559695163,12.729516074295253,261,357
168,19.610715765132372,0.09236333687278275,0.21952745610785115,0.4866040515645821,0.022676466489752425,0.03972584833640828,44.50233103398543,-83.17933254698806,309.3333731747053,10.40297251171926,298,427
169,19.040675429142272,0.0683617956489778,0.28652627596927427,0.49332673963121504,0.02170703985118599,0.0306074989658457,43.0924806775182,-84.30030144515275,311.13890416688906,7.717715092358238,243,330
170,24.958037488899745,0.09149940275131521,0.2823962881722493,0.6335938366931734,0.017805851037425623,0.03984549745841153,48.50100019470195,-84.272079670799,338.540596632555,11.335715580831458,260,359
171,25.565985868711486,0.09120113276983319,0.32359913463316037,0.4684460101811551,0.017549777162344387,0.03302333166165645,50.269259192240426,-83.59002536388095,361.470963225339,14.109630219588926,261,368
172,17.598134283451287,0.07063549268012075,0.27571034945725975,0.5633326326931725,0.019583776250404496,0.044442412521694445,41.29100687381694,-83.6583496295665,294.0212333776603,41.29100687381694,204,290
173,18.85059528489913,0.10820524670353107,0.23820628693777288,0.5444790319321505,0.014567410417539109,0.03879336686632846,43.16477158828091,-83.52586957981565,303.8874887066691,18.244653816430425,339,461
174,24.52443647126421,0.09837210338986142,0.21225990468730932,0.5660442974035453,0.020155007633489614,0.03618071565610503,48.53290890043974,-84.00117267871394,334.13299747898276,14.437950217075862,327,464
175,19.81030293841344,0.08438386895665209,0.22327829653532838,0.7215390118202305,0.018777449149065928,0.04396186545822836,42.69261077836735,-84.54686156815924,306.2460612400176,7.903496561969332,264,351
176,23.37729168419345,0.06766679445937893,0.2967486269056968,0.5589495991892477,0.020530251752017732,0.032151385033912,47.20197337749767,-84.61326592693302,338.92285094507446,7.111874188562269,224,310
177,18.237321788112606,0.09176121230880356,0.2702058319410327,0.6522497019866462,0.01522687756667045,0.04595122216561873,41.55763376885738,-83.977831669939,303.40261522630925,9.705146982254282,258,346
178,19.273867192429083,0.07221776952733906,0.21599119646312692,0.5366550439570146,0.01984503437063702,0.045994362055079396,43.89486486544555,-83.32040151403667,301.83928336460593,3.1234264920593615,217,320
179,25.950831996065197,0.07985021318866987,0.2936810895911205,0.734793260726931,0.01871352569236239,0.03661247880045924,48.191257644568566,-85.05649870805806,363.8122532609827,48.191257644568566,240,322
180,26.36912604390976,0.06786012032284645,0.3326766048235952,0.5976779443285815,0.020825131391247906,0.04129142606745666,49.88377271187714,-84.14882843861731,360.3861498097207,2.388023920112821,175,265
181,22.72458177211656,0.08944426177632278,0.2833690434390186,0.6008932625776285,0.018416049793548817,0.04287707220989491,46.95022906446799,-83.88049102773851,317.4092386786101,9.217129608096522,246,345
182,28.526689074310163,0.10350626423653408,0.2670113920899184,0.6356956121513908,0.020264268108350303,0.029680017736426624,50.510613306456015,-84.76974233378301,373.48465507191435,18.092874635519703,332,444
183,17.708281720969058,0.07903049770054008,0.23341606693140252,0.5522663659794915,0.018292449272458634,0.04791179931251884,41.7758148135192,-83.23334843635811,280.17167563334397,4.558705034475367,228,327
184,22.138763954351553,0.07120341331913992,0.24651675367965203,0.5105621789465733,0.017652295953757096,0.046192134539543885,47.48611287410412,-83.06238282264069,333.8027976628143,2.8972884590704195,195,302
185,19.36615510080682,0.09306641337751881,0.2710092641239202,0.615092898888347,0.018222371774864507,0.031066300940762133,42.62050071811864,-84.71671203407303,299.2040641723779,42.62050071811864,316,405
186,27.300312021100563,0.10745038166249665,0.25977184420464117,0.680194858904765,0.02156789724129135,0.04563971149611552,50.0893385114474,-84.03581941697063,357.04870767495447,11.424254251154329,280,398
187,20.947089811546093,0.06811709309767838,0.2347996496151933,0.6694105999123767,0.014341284797089706,0.04679516707862155,44.68696830391155,-84.20313541236993,326.423445625917,44.68696830391155,196,282
188,21.80029853042042,0.07453794755944959,0.30892469880823914,0.5409806146132783,0.01450994974993826,0.04190587723530605,46.682922522590545,-83.6409119304792,325.49023008113807,6.388134491196584,204,296
189,17.48837364718556,0.07572711433672182,0.3431873120933112,0.4664512868582123,0.019902671366958686,0.029564837109618238,41.33265245877405,-84.08487211961008,298.05576515097465,10.291411792019018,246,328
190,28.67510231799114,0.08596983200476294,0.3394250409772987,0.6649067865263008,0.021500070807650318,0.03965698326938419,50.818881613911415,-84.502900907056,357.36992822371434,8.118721328983922,222,313
191,18.609461378987454,0.11169307474280622,0.2145326718803499,0.46456607203465444,0.022428512600794107,0.04455102985360844,43.905651887087195,-82.24803594699563,305.4574507382365,12.80415504291412,328,500
192,23.102507876269456,0.0980437861874148,0.30694573344714526,0.6083259002686187,0.016252227662345357,0.04347457103812087,47.36425810060264,-83.80272938533706,323.3254121627871,11.706043279734013,255,354
193,18.453905167412948,0.07283101519202154,0.25651735165689454,0.7155368432486402,0.013957564591709921,0.037756917777519695,41.04440750416425,-84.96553079134966,301.80496049198206,8.813075246856815,247,318
194,20.91228582338783,0.08887289461586374,0.25291804430727044,0.5086545728043634,0.02209397922965143,0.03242791814294447,45.263734538318076,-84.00584877141513,315.996217048915,45.263734538318076,302,412
195,19.21396146335171,0.07093752550334725,0.23636698235501263,0.6625782249848488,0.014117522973008495,0.03798878105536222,42.40870808769779,-84.73157265942164,299.18438978310024,42.40870808769779,246,325
196,19.16149795046401,0.09281209259231415,0.2136978387973497,0.5744069660978282,0.014441766936213485,0.032851224103443606,42.91489034750865,-84.34058970323443,310.8216490613731,42.91489034750865,344,453
197,20.345926139525204,0.07409914434309915,0.315312658746259,0.5809849428663876,0.015276454642592287,0.031933227549882655,44.11264941511132,-84.68126276536174,322.0683736409525,44.11264941511132,241,320
198,19.447035099360466,0.09527413570066331,0.27912413329799357,0.5474017188304893,0.013923812122727213,0.03871325282098044,43.858393002916536,-83.73142343943726,307.2306199790135,43.858393002916536,284,383
199,20.704170033224884,0.10346781377922062,0.26760502013068405,0.6735251658507767,0.016635683959484567,0.03714630975879771,43.98030290712754,-84.53003630720671,318.5944306450085,16.336777345027606,316,411
